ID_PROJECT,a
ID_BATCH,a
ID_WAFER,a
WAFER_ROTATION,a
TILE_WIDTH,10.5
TILE_HEIGHT,10.5
TEST_STRUCTURE,a
LINES_DATA,a
tile_id,die_id,xc_ref[um],yc_ref[um],xc_chip[um],yc_chip[um],width[um],height[um],Array detail
DD,01A,-10.35,10.4275,-10.35,10.4275,0.25,0.25,TS-Pads-85
DD,01A,-10.1,10.4275,-10.1,10.4275,0.25,0.25,TS-Pads-85
DD,01A,-9.85,10.4275,-9.85,10.4275,0.25,0.25,TS-Pads-85
DD,01A,-9.6,10.4275,-9.6,10.4275,0.25,0.25,TS-Pads-85
DD,01B,-9.3,10.4275,-9.3,10.4275,0.25,0.25,TS-Pads-125
DD,01B,-9.05,10.4275,-9.05,10.4275,0.25,0.25,TS-Pads-125
DD,01B,-8.8,10.4275,-8.8,10.4275,0.25,0.25,TS-Pads-125
DD,01B,-8.55,10.4275,-8.55,10.4275,0.25,0.25,TS-Pads-125
DD,01C,-8.25,10.4275,-8.25,10.4275,0.25,0.25,TS-C1
DD,01C,-8.0,10.4275,-8.0,10.4275,0.25,0.25,TS-C1
DD,01C,-7.75,10.4275,-7.75,10.4275,0.25,0.25,TS-C1
DD,01C,-7.5,10.4275,-7.5,10.4275,0.25,0.25,TS-C1
DD,01D,-7.2,10.4275,-7.2,10.4275,0.25,0.25,TS-C3
DD,01D,-6.95,10.4275,-6.95,10.4275,0.25,0.25,TS-C3
DD,01D,-6.7,10.4275,-6.7,10.4275,0.25,0.25,TS-C3
DD,01D,-6.45,10.4275,-6.45,10.4275,0.25,0.25,TS-C3
DD,01E,-6.15,10.4275,-6.15,10.4275,0.25,0.25,TS-C4
DD,01E,-5.9,10.4275,-5.9,10.4275,0.25,0.25,TS-C4
DD,01E,-5.65,10.4275,-5.65,10.4275,0.25,0.25,TS-C4
DD,01E,-5.4,10.4275,-5.4,10.4275,0.25,0.25,TS-C4
DD,01F,-5.1,10.4275,-5.1,10.4275,0.25,0.25,TS-RFN
DD,01F,-4.85,10.4275,-4.85,10.4275,0.25,0.25,TS-RFN
DD,01F,-4.6,10.4275,-4.6,10.4275,0.25,0.25,TS-RFN
DD,01F,-4.35,10.4275,-4.35,10.4275,0.25,0.25,TS-RFN
DD,02F,-4.35,10.1775,-4.35,10.1775,0.25,0.25,TS-RFR
DD,02F,-4.6,10.1775,-4.6,10.1775,0.25,0.25,TS-RFR
DD,02F,-4.85,10.1775,-4.85,10.1775,0.25,0.25,TS-RFR
DD,02F,-5.1,10.1775,-5.1,10.1775,0.25,0.25,TS-RFR
DD,02E,-5.4,10.1775,-5.4,10.1775,0.25,0.25,TS-RF
DD,02E,-5.65,10.1775,-5.65,10.1775,0.25,0.25,TS-RF
DD,02E,-5.9,10.1775,-5.9,10.1775,0.25,0.25,TS-RF
DD,02E,-6.15,10.1775,-6.15,10.1775,0.25,0.25,TS-RF
DD,02D,-6.45,10.1775,-6.45,10.1775,0.25,0.25,TS-L4
DD,02D,-6.7,10.1775,-6.7,10.1775,0.25,0.25,TS-L4
DD,02D,-6.95,10.1775,-6.95,10.1775,0.25,0.25,TS-L4
DD,02D,-7.2,10.1775,-7.2,10.1775,0.25,0.25,TS-L4
DD,02C,-7.5,10.1775,-7.5,10.1775,0.25,0.25,TS-L3
DD,02C,-7.75,10.1775,-7.75,10.1775,0.25,0.25,TS-L3
DD,02C,-8.0,10.1775,-8.0,10.1775,0.25,0.25,TS-L3
DD,02C,-8.25,10.1775,-8.25,10.1775,0.25,0.25,TS-L3
DD,02B,-8.55,10.1775,-8.55,10.1775,0.25,0.25,TS-L2
DD,02B,-8.8,10.1775,-8.8,10.1775,0.25,0.25,TS-L2
DD,02B,-9.05,10.1775,-9.05,10.1775,0.25,0.25,TS-L2
DD,02B,-9.3,10.1775,-9.3,10.1775,0.25,0.25,TS-L2
DD,02A,-9.6,10.1775,-9.6,10.1775,0.25,0.25,TS-L1
DD,02A,-9.85,10.1775,-9.85,10.1775,0.25,0.25,TS-L1
DD,02A,-10.1,10.1775,-10.1,10.1775,0.25,0.25,TS-L1
DD,02A,-10.35,10.1775,-10.35,10.1775,0.25,0.25,TS-L1
DD,03A,-10.35,9.9275,-10.35,9.9275,0.25,0.25,
DD,03A,-10.1,9.9275,-10.1,9.9275,0.25,0.25,
DD,03A,-9.85,9.9275,-9.85,9.9275,0.25,0.25,
DD,03A,-9.6,9.9275,-9.6,9.9275,0.25,0.25,
DD,03B,-9.3,9.9275,-9.3,9.9275,0.25,0.25,
DD,03B,-9.05,9.9275,-9.05,9.9275,0.25,0.25,
DD,03B,-8.8,9.9275,-8.8,9.9275,0.25,0.25,
DD,03B,-8.55,9.9275,-8.55,9.9275,0.25,0.25,
DD,03C,-8.25,9.9275,-8.25,9.9275,0.25,0.25,#12
DD,03C,-8.0,9.9275,-8.0,9.9275,0.25,0.25,#12
DD,03C,-7.75,9.9275,-7.75,9.9275,0.25,0.25,#12
DD,03C,-7.5,9.9275,-7.5,9.9275,0.25,0.25,#12
DD,03D,-7.2,9.9275,-7.2,9.9275,0.25,0.25,#12
DD,03D,-6.95,9.9275,-6.95,9.9275,0.25,0.25,#12
DD,03D,-6.7,9.9275,-6.7,9.9275,0.25,0.25,#12
DD,03D,-6.45,9.9275,-6.45,9.9275,0.25,0.25,#12
DD,03E,-6.15,9.9275,-6.15,9.9275,0.25,0.25,TS-GroupD [D1 D2 D3 D4]
DD,03E,-5.9,9.9275,-5.9,9.9275,0.25,0.25,TS-GroupD [D1 D2 D3 D4]
DD,03E,-5.65,9.9275,-5.65,9.9275,0.25,0.25,TS-GroupD [D1 D2 D3 D4]
DD,03E,-5.4,9.9275,-5.4,9.9275,0.25,0.25,TS-GroupD [D1 D2 D3 D4]
DD,03F,-5.1,9.9275,-5.1,9.9275,0.25,0.25,TS-GroupD [D1 D2 D3 D4]
DD,03F,-4.85,9.9275,-4.85,9.9275,0.25,0.25,TS-GroupD [D1 D2 D3 D4]
DD,03F,-4.6,9.9275,-4.6,9.9275,0.25,0.25,TS-GroupD [D1 D2 D3 D4]
DD,03F,-4.35,9.9275,-4.35,9.9275,0.25,0.25,TS-GroupD [D1 D2 D3 D4]
DD,03G,-4.05,9.9275,-4.05,9.9275,0.25,0.25,TS-GroupR [R1 R2 R3 R4]
DD,03G,-3.8,9.9275,-3.8,9.9275,0.25,0.25,TS-GroupR [R1 R2 R3 R4]
DD,03G,-3.55,9.9275,-3.55,9.9275,0.25,0.25,TS-GroupR [R1 R2 R3 R4]
DD,03G,-3.3,9.9275,-3.3,9.9275,0.25,0.25,TS-GroupR [R1 R2 R3 R4]
DD,03H,-3.0,9.9275,-3.0,9.9275,0.25,0.25,TS-GroupR [R1 R2 R3 R4]
DD,03H,-2.75,9.9275,-2.75,9.9275,0.25,0.25,TS-GroupR [R1 R2 R3 R4]
DD,03H,-2.5,9.9275,-2.5,9.9275,0.25,0.25,TS-GroupR [R1 R2 R3 R4]
DD,03H,-2.25,9.9275,-2.25,9.9275,0.25,0.25,TS-GroupR [R1 R2 R3 R4]
DD,03I,-1.95,9.9275,-1.95,9.9275,0.25,0.25,TS-GroupM [M1 M2 M3 M4]
DD,03I,-1.7,9.9275,-1.7,9.9275,0.25,0.25,TS-GroupM [M1 M2 M3 M4]
DD,03I,-1.45,9.9275,-1.45,9.9275,0.25,0.25,TS-GroupM [M1 M2 M3 M4]
DD,03I,-1.2,9.9275,-1.2,9.9275,0.25,0.25,TS-GroupM [M1 M2 M3 M4]
DD,03J,-0.9,9.9275,-0.9,9.9275,0.25,0.25,TS-GroupM [M1 M2 M3 M4]
DD,03J,-0.65,9.9275,-0.65,9.9275,0.25,0.25,TS-GroupM [M1 M2 M3 M4]
DD,03J,-0.4,9.9275,-0.4,9.9275,0.25,0.25,TS-GroupM [M1 M2 M3 M4]
DD,03J,-0.15,9.9275,-0.15,9.9275,0.25,0.25,TS-GroupM [M1 M2 M3 M4]
DD,04J,-0.15,9.6775,-0.15,9.6775,0.25,0.25,TS-GroupM [M5 M6 M7 M8]
DD,04J,-0.4,9.6775,-0.4,9.6775,0.25,0.25,TS-GroupM [M5 M6 M7 M8]
DD,04J,-0.65,9.6775,-0.65,9.6775,0.25,0.25,TS-GroupM [M5 M6 M7 M8]
DD,04J,-0.9,9.6775,-0.9,9.6775,0.25,0.25,TS-GroupM [M5 M6 M7 M8]
DD,04I,-1.2,9.6775,-1.2,9.6775,0.25,0.25,TS-GroupM [M5 M6 M7 M8]
DD,04I,-1.45,9.6775,-1.45,9.6775,0.25,0.25,TS-GroupM [M5 M6 M7 M8]
DD,04I,-1.7,9.6775,-1.7,9.6775,0.25,0.25,TS-GroupM [M5 M6 M7 M8]
DD,04I,-1.95,9.6775,-1.95,9.6775,0.25,0.25,TS-GroupM [M5 M6 M7 M8]
DD,04H,-2.25,9.6775,-2.25,9.6775,0.25,0.25,TS-GroupR [R5 R6 R7 R8]
DD,04H,-2.5,9.6775,-2.5,9.6775,0.25,0.25,TS-GroupR [R5 R6 R7 R8]
DD,04H,-2.75,9.6775,-2.75,9.6775,0.25,0.25,TS-GroupR [R5 R6 R7 R8]
DD,04H,-3.0,9.6775,-3.0,9.6775,0.25,0.25,TS-GroupR [R5 R6 R7 R8]
DD,04G,-3.3,9.6775,-3.3,9.6775,0.25,0.25,TS-GroupR [R5 R6 R7 R8]
DD,04G,-3.55,9.6775,-3.55,9.6775,0.25,0.25,TS-GroupR [R5 R6 R7 R8]
DD,04G,-3.8,9.6775,-3.8,9.6775,0.25,0.25,TS-GroupR [R5 R6 R7 R8]
DD,04G,-4.05,9.6775,-4.05,9.6775,0.25,0.25,TS-GroupR [R5 R6 R7 R8]
DD,04F,-4.35,9.6775,-4.35,9.6775,0.25,0.25,TS-GroupD [D5 D6 D7 D8]
DD,04F,-4.6,9.6775,-4.6,9.6775,0.25,0.25,TS-GroupD [D5 D6 D7 D8]
DD,04F,-4.85,9.6775,-4.85,9.6775,0.25,0.25,TS-GroupD [D5 D6 D7 D8]
DD,04F,-5.1,9.6775,-5.1,9.6775,0.25,0.25,TS-GroupD [D5 D6 D7 D8]
DD,04E,-5.4,9.6775,-5.4,9.6775,0.25,0.25,TS-GroupD [D5 D6 D7 D8]
DD,04E,-5.65,9.6775,-5.65,9.6775,0.25,0.25,TS-GroupD [D5 D6 D7 D8]
DD,04E,-5.9,9.6775,-5.9,9.6775,0.25,0.25,TS-GroupD [D5 D6 D7 D8]
DD,04E,-6.15,9.6775,-6.15,9.6775,0.25,0.25,TS-GroupD [D5 D6 D7 D8]
DD,04D,-6.45,9.6775,-6.45,9.6775,0.25,0.25,D01
DD,04D,-6.7,9.6775,-6.7,9.6775,0.25,0.25,D01
DD,04D,-6.95,9.6775,-6.95,9.6775,0.25,0.25,D01
DD,04D,-7.2,9.6775,-7.2,9.6775,0.25,0.25,D01
DD,04C,-7.5,9.6775,-7.5,9.6775,0.25,0.25,D01
DD,04C,-7.75,9.6775,-7.75,9.6775,0.25,0.25,D01
DD,04C,-8.0,9.6775,-8.0,9.6775,0.25,0.25,D01
DD,04C,-8.25,9.6775,-8.25,9.6775,0.25,0.25,D01
DD,04B,-8.55,9.6775,-8.55,9.6775,0.25,0.25,D01
DD,04B,-8.8,9.6775,-8.8,9.6775,0.25,0.25,D01
DD,04B,-9.05,9.6775,-9.05,9.6775,0.25,0.25,D01
DD,04B,-9.3,9.6775,-9.3,9.6775,0.25,0.25,D01
DD,04A,-9.6,9.6775,-9.6,9.6775,0.25,0.25,D01
DD,04A,-9.85,9.6775,-9.85,9.6775,0.25,0.25,D01
DD,04A,-10.1,9.6775,-10.1,9.6775,0.25,0.25,D01
DD,04A,-10.35,9.6775,-10.35,9.6775,0.25,0.25,D01
DD,05A,-10.35,9.4275,-10.35,9.4275,0.25,0.25,D01
DD,05A,-10.1,9.4275,-10.1,9.4275,0.25,0.25,D01
DD,05A,-9.85,9.4275,-9.85,9.4275,0.25,0.25,D01
DD,05A,-9.6,9.4275,-9.6,9.4275,0.25,0.25,D01
DD,05B,-9.3,9.4275,-9.3,9.4275,0.25,0.25,D01
DD,05B,-9.05,9.4275,-9.05,9.4275,0.25,0.25,D01
DD,05B,-8.8,9.4275,-8.8,9.4275,0.25,0.25,D01
DD,05B,-8.55,9.4275,-8.55,9.4275,0.25,0.25,D01
DD,05C,-8.25,9.4275,-8.25,9.4275,0.25,0.25,D01
DD,05C,-8.0,9.4275,-8.0,9.4275,0.25,0.25,D01
DD,05C,-7.75,9.4275,-7.75,9.4275,0.25,0.25,D01
DD,05C,-7.5,9.4275,-7.5,9.4275,0.25,0.25,D01
DD,05D,-7.2,9.4275,-7.2,9.4275,0.25,0.25,D01
DD,05D,-6.95,9.4275,-6.95,9.4275,0.25,0.25,D01
DD,05D,-6.7,9.4275,-6.7,9.4275,0.25,0.25,D01
DD,05D,-6.45,9.4275,-6.45,9.4275,0.25,0.25,D01
DD,05E,-6.15,9.4275,-6.15,9.4275,0.25,0.25,D02
DD,05E,-5.9,9.4275,-5.9,9.4275,0.25,0.25,D02
DD,05E,-5.65,9.4275,-5.65,9.4275,0.25,0.25,D02
DD,05E,-5.4,9.4275,-5.4,9.4275,0.25,0.25,D02
DD,05F,-5.1,9.4275,-5.1,9.4275,0.25,0.25,D02
DD,05F,-4.85,9.4275,-4.85,9.4275,0.25,0.25,D02
DD,05F,-4.6,9.4275,-4.6,9.4275,0.25,0.25,D02
DD,05F,-4.35,9.4275,-4.35,9.4275,0.25,0.25,D02
DD,05G,-4.05,9.4275,-4.05,9.4275,0.25,0.25,D02
DD,05G,-3.8,9.4275,-3.8,9.4275,0.25,0.25,D02
DD,05G,-3.55,9.4275,-3.55,9.4275,0.25,0.25,D02
DD,05G,-3.3,9.4275,-3.3,9.4275,0.25,0.25,D02
DD,05H,-3.0,9.4275,-3.0,9.4275,0.25,0.25,D02
DD,05H,-2.75,9.4275,-2.75,9.4275,0.25,0.25,D02
DD,05H,-2.5,9.4275,-2.5,9.4275,0.25,0.25,D02
DD,05H,-2.25,9.4275,-2.25,9.4275,0.25,0.25,D02
DD,05I,-1.95,9.4275,-1.95,9.4275,0.25,0.25,D02
DD,05I,-1.7,9.4275,-1.7,9.4275,0.25,0.25,D02
DD,05I,-1.45,9.4275,-1.45,9.4275,0.25,0.25,D02
DD,05I,-1.2,9.4275,-1.2,9.4275,0.25,0.25,D02
DD,05J,-0.9,9.4275,-0.9,9.4275,0.25,0.25,D02
DD,05J,-0.65,9.4275,-0.65,9.4275,0.25,0.25,D02
DD,05J,-0.4,9.4275,-0.4,9.4275,0.25,0.25,D02
DD,05J,-0.15,9.4275,-0.15,9.4275,0.25,0.25,D02
DD,06J,-0.15,9.1775,-0.15,9.1775,0.25,0.25,D02
DD,06J,-0.4,9.1775,-0.4,9.1775,0.25,0.25,D02
DD,06J,-0.65,9.1775,-0.65,9.1775,0.25,0.25,D02
DD,06J,-0.9,9.1775,-0.9,9.1775,0.25,0.25,D02
DD,06I,-1.2,9.1775,-1.2,9.1775,0.25,0.25,D02
DD,06I,-1.45,9.1775,-1.45,9.1775,0.25,0.25,D02
DD,06I,-1.7,9.1775,-1.7,9.1775,0.25,0.25,D02
DD,06I,-1.95,9.1775,-1.95,9.1775,0.25,0.25,D02
DD,06H,-2.25,9.1775,-2.25,9.1775,0.25,0.25,D02
DD,06H,-2.5,9.1775,-2.5,9.1775,0.25,0.25,D02
DD,06H,-2.75,9.1775,-2.75,9.1775,0.25,0.25,D02
DD,06H,-3.0,9.1775,-3.0,9.1775,0.25,0.25,D02
DD,06G,-3.3,9.1775,-3.3,9.1775,0.25,0.25,D02
DD,06G,-3.55,9.1775,-3.55,9.1775,0.25,0.25,D02
DD,06G,-3.8,9.1775,-3.8,9.1775,0.25,0.25,D02
DD,06G,-4.05,9.1775,-4.05,9.1775,0.25,0.25,D02
DD,06F,-4.35,9.1775,-4.35,9.1775,0.25,0.25,D02
DD,06F,-4.6,9.1775,-4.6,9.1775,0.25,0.25,D02
DD,06F,-4.85,9.1775,-4.85,9.1775,0.25,0.25,D02
DD,06F,-5.1,9.1775,-5.1,9.1775,0.25,0.25,D02
DD,06E,-5.4,9.1775,-5.4,9.1775,0.25,0.25,D02
DD,06E,-5.65,9.1775,-5.65,9.1775,0.25,0.25,D02
DD,06E,-5.9,9.1775,-5.9,9.1775,0.25,0.25,D02
DD,06E,-6.15,9.1775,-6.15,9.1775,0.25,0.25,D02
DD,06D,-6.45,9.1775,-6.45,9.1775,0.25,0.25,D01
DD,06D,-6.7,9.1775,-6.7,9.1775,0.25,0.25,D01
DD,06D,-6.95,9.1775,-6.95,9.1775,0.25,0.25,D01
DD,06D,-7.2,9.1775,-7.2,9.1775,0.25,0.25,D01
DD,06C,-7.5,9.1775,-7.5,9.1775,0.25,0.25,D01
DD,06C,-7.75,9.1775,-7.75,9.1775,0.25,0.25,D01
DD,06C,-8.0,9.1775,-8.0,9.1775,0.25,0.25,D01
DD,06C,-8.25,9.1775,-8.25,9.1775,0.25,0.25,D01
DD,06B,-8.55,9.1775,-8.55,9.1775,0.25,0.25,D01
DD,06B,-8.8,9.1775,-8.8,9.1775,0.25,0.25,D01
DD,06B,-9.05,9.1775,-9.05,9.1775,0.25,0.25,D01
DD,06B,-9.3,9.1775,-9.3,9.1775,0.25,0.25,D01
DD,06A,-9.6,9.1775,-9.6,9.1775,0.25,0.25,D01
DD,06A,-9.85,9.1775,-9.85,9.1775,0.25,0.25,D01
DD,06A,-10.1,9.1775,-10.1,9.1775,0.25,0.25,D01
DD,06A,-10.35,9.1775,-10.35,9.1775,0.25,0.25,D01
DD,07A,-10.35,8.9275,-10.35,8.9275,0.25,0.25,D01
DD,07A,-10.1,8.9275,-10.1,8.9275,0.25,0.25,D01
DD,07A,-9.85,8.9275,-9.85,8.9275,0.25,0.25,D01
DD,07A,-9.6,8.9275,-9.6,8.9275,0.25,0.25,D01
DD,07B,-9.3,8.9275,-9.3,8.9275,0.25,0.25,D01
DD,07B,-9.05,8.9275,-9.05,8.9275,0.25,0.25,D01
DD,07B,-8.8,8.9275,-8.8,8.9275,0.25,0.25,D01
DD,07B,-8.55,8.9275,-8.55,8.9275,0.25,0.25,D01
DD,07C,-8.25,8.9275,-8.25,8.9275,0.25,0.25,D01
DD,07C,-8.0,8.9275,-8.0,8.9275,0.25,0.25,D01
DD,07C,-7.75,8.9275,-7.75,8.9275,0.25,0.25,D01
DD,07C,-7.5,8.9275,-7.5,8.9275,0.25,0.25,D01
DD,07D,-7.2,8.9275,-7.2,8.9275,0.25,0.25,D01
DD,07D,-6.95,8.9275,-6.95,8.9275,0.25,0.25,D01
DD,07D,-6.7,8.9275,-6.7,8.9275,0.25,0.25,D01
DD,07D,-6.45,8.9275,-6.45,8.9275,0.25,0.25,D01
DD,07E,-6.15,8.9275,-6.15,8.9275,0.25,0.25,D02
DD,07E,-5.9,8.9275,-5.9,8.9275,0.25,0.25,D02
DD,07E,-5.65,8.9275,-5.65,8.9275,0.25,0.25,D02
DD,07E,-5.4,8.9275,-5.4,8.9275,0.25,0.25,D02
DD,07F,-5.1,8.9275,-5.1,8.9275,0.25,0.25,D02
DD,07F,-4.85,8.9275,-4.85,8.9275,0.25,0.25,D02
DD,07F,-4.6,8.9275,-4.6,8.9275,0.25,0.25,D02
DD,07F,-4.35,8.9275,-4.35,8.9275,0.25,0.25,D02
DD,07G,-4.05,8.9275,-4.05,8.9275,0.25,0.25,D02
DD,07G,-3.8,8.9275,-3.8,8.9275,0.25,0.25,D02
DD,07G,-3.55,8.9275,-3.55,8.9275,0.25,0.25,D02
DD,07G,-3.3,8.9275,-3.3,8.9275,0.25,0.25,D02
DD,07H,-3.0,8.9275,-3.0,8.9275,0.25,0.25,D02
DD,07H,-2.75,8.9275,-2.75,8.9275,0.25,0.25,D02
DD,07H,-2.5,8.9275,-2.5,8.9275,0.25,0.25,D02
DD,07H,-2.25,8.9275,-2.25,8.9275,0.25,0.25,D02
DD,07I,-1.95,8.9275,-1.95,8.9275,0.25,0.25,D02
DD,07I,-1.7,8.9275,-1.7,8.9275,0.25,0.25,D02
DD,07I,-1.45,8.9275,-1.45,8.9275,0.25,0.25,D02
DD,07I,-1.2,8.9275,-1.2,8.9275,0.25,0.25,D02
DD,07J,-0.9,8.9275,-0.9,8.9275,0.25,0.25,D02
DD,07J,-0.65,8.9275,-0.65,8.9275,0.25,0.25,D02
DD,07J,-0.4,8.9275,-0.4,8.9275,0.25,0.25,D02
DD,07J,-0.15,8.9275,-0.15,8.9275,0.25,0.25,D02
DD,08J,-0.15,8.6775,-0.15,8.6775,0.25,0.25,D02
DD,08J,-0.4,8.6775,-0.4,8.6775,0.25,0.25,D02
DD,08J,-0.65,8.6775,-0.65,8.6775,0.25,0.25,D02
DD,08J,-0.9,8.6775,-0.9,8.6775,0.25,0.25,D02
DD,08I,-1.2,8.6775,-1.2,8.6775,0.25,0.25,D02
DD,08I,-1.45,8.6775,-1.45,8.6775,0.25,0.25,D02
DD,08I,-1.7,8.6775,-1.7,8.6775,0.25,0.25,D02
DD,08I,-1.95,8.6775,-1.95,8.6775,0.25,0.25,D02
DD,08H,-2.25,8.6775,-2.25,8.6775,0.25,0.25,D02
DD,08H,-2.5,8.6775,-2.5,8.6775,0.25,0.25,D02
DD,08H,-2.75,8.6775,-2.75,8.6775,0.25,0.25,D02
DD,08H,-3.0,8.6775,-3.0,8.6775,0.25,0.25,D02
DD,08G,-3.3,8.6775,-3.3,8.6775,0.25,0.25,D02
DD,08G,-3.55,8.6775,-3.55,8.6775,0.25,0.25,D02
DD,08G,-3.8,8.6775,-3.8,8.6775,0.25,0.25,D02
DD,08G,-4.05,8.6775,-4.05,8.6775,0.25,0.25,D02
DD,08F,-4.35,8.6775,-4.35,8.6775,0.25,0.25,D02
DD,08F,-4.6,8.6775,-4.6,8.6775,0.25,0.25,D02
DD,08F,-4.85,8.6775,-4.85,8.6775,0.25,0.25,D02
DD,08F,-5.1,8.6775,-5.1,8.6775,0.25,0.25,D02
DD,08E,-5.4,8.6775,-5.4,8.6775,0.25,0.25,D02
DD,08E,-5.65,8.6775,-5.65,8.6775,0.25,0.25,D02
DD,08E,-5.9,8.6775,-5.9,8.6775,0.25,0.25,D02
DD,08E,-6.15,8.6775,-6.15,8.6775,0.25,0.25,D02
DD,08D,-6.45,8.6775,-6.45,8.6775,0.25,0.25,D01
DD,08D,-6.7,8.6775,-6.7,8.6775,0.25,0.25,D01
DD,08D,-6.95,8.6775,-6.95,8.6775,0.25,0.25,D01
DD,08D,-7.2,8.6775,-7.2,8.6775,0.25,0.25,D01
DD,08C,-7.5,8.6775,-7.5,8.6775,0.25,0.25,D01
DD,08C,-7.75,8.6775,-7.75,8.6775,0.25,0.25,D01
DD,08C,-8.0,8.6775,-8.0,8.6775,0.25,0.25,D01
DD,08C,-8.25,8.6775,-8.25,8.6775,0.25,0.25,D01
DD,08B,-8.55,8.6775,-8.55,8.6775,0.25,0.25,D01
DD,08B,-8.8,8.6775,-8.8,8.6775,0.25,0.25,D01
DD,08B,-9.05,8.6775,-9.05,8.6775,0.25,0.25,D01
DD,08B,-9.3,8.6775,-9.3,8.6775,0.25,0.25,D01
DD,08A,-9.6,8.6775,-9.6,8.6775,0.25,0.25,D01
DD,08A,-9.85,8.6775,-9.85,8.6775,0.25,0.25,D01
DD,08A,-10.1,8.6775,-10.1,8.6775,0.25,0.25,D01
DD,08A,-10.35,8.6775,-10.35,8.6775,0.25,0.25,D01
DD,09A,-10.35,8.4275,-10.35,8.4275,0.25,0.25,D01
DD,09A,-10.1,8.4275,-10.1,8.4275,0.25,0.25,D01
DD,09A,-9.85,8.4275,-9.85,8.4275,0.25,0.25,D01
DD,09A,-9.6,8.4275,-9.6,8.4275,0.25,0.25,D01
DD,09B,-9.3,8.4275,-9.3,8.4275,0.25,0.25,D01
DD,09B,-9.05,8.4275,-9.05,8.4275,0.25,0.25,D01
DD,09B,-8.8,8.4275,-8.8,8.4275,0.25,0.25,D01
DD,09B,-8.55,8.4275,-8.55,8.4275,0.25,0.25,D01
DD,09C,-8.25,8.4275,-8.25,8.4275,0.25,0.25,D01
DD,09C,-8.0,8.4275,-8.0,8.4275,0.25,0.25,D01
DD,09C,-7.75,8.4275,-7.75,8.4275,0.25,0.25,D01
DD,09C,-7.5,8.4275,-7.5,8.4275,0.25,0.25,D01
DD,09D,-7.2,8.4275,-7.2,8.4275,0.25,0.25,D01
DD,09D,-6.95,8.4275,-6.95,8.4275,0.25,0.25,D01
DD,09D,-6.7,8.4275,-6.7,8.4275,0.25,0.25,D01
DD,09D,-6.45,8.4275,-6.45,8.4275,0.25,0.25,D01
DD,09E,-6.15,8.4275,-6.15,8.4275,0.25,0.25,D02
DD,09E,-5.9,8.4275,-5.9,8.4275,0.25,0.25,D02
DD,09E,-5.65,8.4275,-5.65,8.4275,0.25,0.25,D02
DD,09E,-5.4,8.4275,-5.4,8.4275,0.25,0.25,D02
DD,09F,-5.1,8.4275,-5.1,8.4275,0.25,0.25,D02
DD,09F,-4.85,8.4275,-4.85,8.4275,0.25,0.25,D02
DD,09F,-4.6,8.4275,-4.6,8.4275,0.25,0.25,D02
DD,09F,-4.35,8.4275,-4.35,8.4275,0.25,0.25,D02
DD,09G,-4.05,8.4275,-4.05,8.4275,0.25,0.25,D02
DD,09G,-3.8,8.4275,-3.8,8.4275,0.25,0.25,D02
DD,09G,-3.55,8.4275,-3.55,8.4275,0.25,0.25,D02
DD,09G,-3.3,8.4275,-3.3,8.4275,0.25,0.25,D02
DD,09H,-3.0,8.4275,-3.0,8.4275,0.25,0.25,D02
DD,09H,-2.75,8.4275,-2.75,8.4275,0.25,0.25,D02
DD,09H,-2.5,8.4275,-2.5,8.4275,0.25,0.25,D02
DD,09H,-2.25,8.4275,-2.25,8.4275,0.25,0.25,D02
DD,09I,-1.95,8.4275,-1.95,8.4275,0.25,0.25,D02
DD,09I,-1.7,8.4275,-1.7,8.4275,0.25,0.25,D02
DD,09I,-1.45,8.4275,-1.45,8.4275,0.25,0.25,D02
DD,09I,-1.2,8.4275,-1.2,8.4275,0.25,0.25,D02
DD,09J,-0.9,8.4275,-0.9,8.4275,0.25,0.25,D02
DD,09J,-0.65,8.4275,-0.65,8.4275,0.25,0.25,D02
DD,09J,-0.4,8.4275,-0.4,8.4275,0.25,0.25,D02
DD,09J,-0.15,8.4275,-0.15,8.4275,0.25,0.25,D02
DD,10J,-0.15,8.1775,-0.15,8.1775,0.25,0.25,D02
DD,10J,-0.4,8.1775,-0.4,8.1775,0.25,0.25,D02
DD,10J,-0.65,8.1775,-0.65,8.1775,0.25,0.25,D02
DD,10J,-0.9,8.1775,-0.9,8.1775,0.25,0.25,D02
DD,10I,-1.2,8.1775,-1.2,8.1775,0.25,0.25,D02
DD,10I,-1.45,8.1775,-1.45,8.1775,0.25,0.25,D02
DD,10I,-1.7,8.1775,-1.7,8.1775,0.25,0.25,D02
DD,10I,-1.95,8.1775,-1.95,8.1775,0.25,0.25,D02
DD,10H,-2.25,8.1775,-2.25,8.1775,0.25,0.25,D02
DD,10H,-2.5,8.1775,-2.5,8.1775,0.25,0.25,D02
DD,10H,-2.75,8.1775,-2.75,8.1775,0.25,0.25,D02
DD,10H,-3.0,8.1775,-3.0,8.1775,0.25,0.25,D02
DD,10G,-3.3,8.1775,-3.3,8.1775,0.25,0.25,D02
DD,10G,-3.55,8.1775,-3.55,8.1775,0.25,0.25,D02
DD,10G,-3.8,8.1775,-3.8,8.1775,0.25,0.25,D02
DD,10G,-4.05,8.1775,-4.05,8.1775,0.25,0.25,D02
DD,10F,-4.35,8.1775,-4.35,8.1775,0.25,0.25,D02
DD,10F,-4.6,8.1775,-4.6,8.1775,0.25,0.25,D02
DD,10F,-4.85,8.1775,-4.85,8.1775,0.25,0.25,D02
DD,10F,-5.1,8.1775,-5.1,8.1775,0.25,0.25,D02
DD,10E,-5.4,8.1775,-5.4,8.1775,0.25,0.25,D02
DD,10E,-5.65,8.1775,-5.65,8.1775,0.25,0.25,D02
DD,10E,-5.9,8.1775,-5.9,8.1775,0.25,0.25,D02
DD,10E,-6.15,8.1775,-6.15,8.1775,0.25,0.25,D02
DD,10D,-6.45,8.1775,-6.45,8.1775,0.25,0.25,D01
DD,10D,-6.7,8.1775,-6.7,8.1775,0.25,0.25,D01
DD,10D,-6.95,8.1775,-6.95,8.1775,0.25,0.25,D01
DD,10D,-7.2,8.1775,-7.2,8.1775,0.25,0.25,D01
DD,10C,-7.5,8.1775,-7.5,8.1775,0.25,0.25,D01
DD,10C,-7.75,8.1775,-7.75,8.1775,0.25,0.25,D01
DD,10C,-8.0,8.1775,-8.0,8.1775,0.25,0.25,D01
DD,10C,-8.25,8.1775,-8.25,8.1775,0.25,0.25,D01
DD,10B,-8.55,8.1775,-8.55,8.1775,0.25,0.25,D01
DD,10B,-8.8,8.1775,-8.8,8.1775,0.25,0.25,D01
DD,10B,-9.05,8.1775,-9.05,8.1775,0.25,0.25,D01
DD,10B,-9.3,8.1775,-9.3,8.1775,0.25,0.25,D01
DD,10A,-9.6,8.1775,-9.6,8.1775,0.25,0.25,D01
DD,10A,-9.85,8.1775,-9.85,8.1775,0.25,0.25,D01
DD,10A,-10.1,8.1775,-10.1,8.1775,0.25,0.25,D01
DD,10A,-10.35,8.1775,-10.35,8.1775,0.25,0.25,D01
DD,11A,-10.35,7.9275,-10.35,7.9275,0.25,0.25,D01
DD,11A,-10.1,7.9275,-10.1,7.9275,0.25,0.25,D01
DD,11A,-9.85,7.9275,-9.85,7.9275,0.25,0.25,D01
DD,11A,-9.6,7.9275,-9.6,7.9275,0.25,0.25,D01
DD,11B,-9.3,7.9275,-9.3,7.9275,0.25,0.25,D01
DD,11B,-9.05,7.9275,-9.05,7.9275,0.25,0.25,D01
DD,11B,-8.8,7.9275,-8.8,7.9275,0.25,0.25,D01
DD,11B,-8.55,7.9275,-8.55,7.9275,0.25,0.25,D01
DD,11C,-8.25,7.9275,-8.25,7.9275,0.25,0.25,D01
DD,11C,-8.0,7.9275,-8.0,7.9275,0.25,0.25,D01
DD,11C,-7.75,7.9275,-7.75,7.9275,0.25,0.25,D01
DD,11C,-7.5,7.9275,-7.5,7.9275,0.25,0.25,D01
DD,11D,-7.2,7.9275,-7.2,7.9275,0.25,0.25,D01
DD,11D,-6.95,7.9275,-6.95,7.9275,0.25,0.25,D01
DD,11D,-6.7,7.9275,-6.7,7.9275,0.25,0.25,D01
DD,11D,-6.45,7.9275,-6.45,7.9275,0.25,0.25,D01
DD,11E,-6.15,7.9275,-6.15,7.9275,0.25,0.25,D01
DD,11E,-5.9,7.9275,-5.9,7.9275,0.25,0.25,D01
DD,11E,-5.65,7.9275,-5.65,7.9275,0.25,0.25,D01
DD,11E,-5.4,7.9275,-5.4,7.9275,0.25,0.25,D01
DD,11F,-5.1,7.9275,-5.1,7.9275,0.25,0.25,D01
DD,11F,-4.85,7.9275,-4.85,7.9275,0.25,0.25,D01
DD,11F,-4.6,7.9275,-4.6,7.9275,0.25,0.25,D01
DD,11F,-4.35,7.9275,-4.35,7.9275,0.25,0.25,D01
DD,11G,-4.05,7.9275,-4.05,7.9275,0.25,0.25,D01
DD,11G,-3.8,7.9275,-3.8,7.9275,0.25,0.25,D01
DD,11G,-3.55,7.9275,-3.55,7.9275,0.25,0.25,D01
DD,11G,-3.3,7.9275,-3.3,7.9275,0.25,0.25,D01
DD,11H,-3.0,7.9275,-3.0,7.9275,0.25,0.25,D01
DD,11H,-2.75,7.9275,-2.75,7.9275,0.25,0.25,D01
DD,11H,-2.5,7.9275,-2.5,7.9275,0.25,0.25,D01
DD,11H,-2.25,7.9275,-2.25,7.9275,0.25,0.25,D01
DD,11I,-1.95,7.9275,-1.95,7.9275,0.25,0.25,D01
DD,11I,-1.7,7.9275,-1.7,7.9275,0.25,0.25,D01
DD,11I,-1.45,7.9275,-1.45,7.9275,0.25,0.25,D01
DD,11I,-1.2,7.9275,-1.2,7.9275,0.25,0.25,D01
DD,11J,-0.9,7.9275,-0.9,7.9275,0.25,0.25,D01
DD,11J,-0.65,7.9275,-0.65,7.9275,0.25,0.25,D01
DD,11J,-0.4,7.9275,-0.4,7.9275,0.25,0.25,D01
DD,11J,-0.15,7.9275,-0.15,7.9275,0.25,0.25,D01
DD,12J,-0.15,7.6775,-0.15,7.6775,0.25,0.25,D01
DD,12J,-0.4,7.6775,-0.4,7.6775,0.25,0.25,D01
DD,12J,-0.65,7.6775,-0.65,7.6775,0.25,0.25,D01
DD,12J,-0.9,7.6775,-0.9,7.6775,0.25,0.25,D01
DD,12I,-1.2,7.6775,-1.2,7.6775,0.25,0.25,D01
DD,12I,-1.45,7.6775,-1.45,7.6775,0.25,0.25,D01
DD,12I,-1.7,7.6775,-1.7,7.6775,0.25,0.25,D01
DD,12I,-1.95,7.6775,-1.95,7.6775,0.25,0.25,D01
DD,12H,-2.25,7.6775,-2.25,7.6775,0.25,0.25,D01
DD,12H,-2.5,7.6775,-2.5,7.6775,0.25,0.25,D01
DD,12H,-2.75,7.6775,-2.75,7.6775,0.25,0.25,D01
DD,12H,-3.0,7.6775,-3.0,7.6775,0.25,0.25,D01
DD,12G,-3.3,7.6775,-3.3,7.6775,0.25,0.25,D01
DD,12G,-3.55,7.6775,-3.55,7.6775,0.25,0.25,D01
DD,12G,-3.8,7.6775,-3.8,7.6775,0.25,0.25,D01
DD,12G,-4.05,7.6775,-4.05,7.6775,0.25,0.25,D01
DD,12F,-4.35,7.6775,-4.35,7.6775,0.25,0.25,D01
DD,12F,-4.6,7.6775,-4.6,7.6775,0.25,0.25,D01
DD,12F,-4.85,7.6775,-4.85,7.6775,0.25,0.25,D01
DD,12F,-5.1,7.6775,-5.1,7.6775,0.25,0.25,D01
DD,12E,-5.4,7.6775,-5.4,7.6775,0.25,0.25,D01
DD,12E,-5.65,7.6775,-5.65,7.6775,0.25,0.25,D01
DD,12E,-5.9,7.6775,-5.9,7.6775,0.25,0.25,D01
DD,12E,-6.15,7.6775,-6.15,7.6775,0.25,0.25,D01
DD,12D,-6.45,7.6775,-6.45,7.6775,0.25,0.25,D01
DD,12D,-6.7,7.6775,-6.7,7.6775,0.25,0.25,D01
DD,12D,-6.95,7.6775,-6.95,7.6775,0.25,0.25,D01
DD,12D,-7.2,7.6775,-7.2,7.6775,0.25,0.25,D01
DD,12C,-7.5,7.6775,-7.5,7.6775,0.25,0.25,D01
DD,12C,-7.75,7.6775,-7.75,7.6775,0.25,0.25,D01
DD,12C,-8.0,7.6775,-8.0,7.6775,0.25,0.25,D01
DD,12C,-8.25,7.6775,-8.25,7.6775,0.25,0.25,D01
DD,12B,-8.55,7.6775,-8.55,7.6775,0.25,0.25,D01
DD,12B,-8.8,7.6775,-8.8,7.6775,0.25,0.25,D01
DD,12B,-9.05,7.6775,-9.05,7.6775,0.25,0.25,D01
DD,12B,-9.3,7.6775,-9.3,7.6775,0.25,0.25,D01
DD,12A,-9.6,7.6775,-9.6,7.6775,0.25,0.25,D01
DD,12A,-9.85,7.6775,-9.85,7.6775,0.25,0.25,D01
DD,12A,-10.1,7.6775,-10.1,7.6775,0.25,0.25,D01
DD,12A,-10.35,7.6775,-10.35,7.6775,0.25,0.25,D01
DD,13A,-10.35,7.4275,-10.35,7.4275,0.25,0.25,D01
DD,13A,-10.1,7.4275,-10.1,7.4275,0.25,0.25,D01
DD,13A,-9.85,7.4275,-9.85,7.4275,0.25,0.25,D01
DD,13A,-9.6,7.4275,-9.6,7.4275,0.25,0.25,D01
DD,13B,-9.3,7.4275,-9.3,7.4275,0.25,0.25,D01
DD,13B,-9.05,7.4275,-9.05,7.4275,0.25,0.25,D01
DD,13B,-8.8,7.4275,-8.8,7.4275,0.25,0.25,D01
DD,13B,-8.55,7.4275,-8.55,7.4275,0.25,0.25,D01
DD,13C,-8.25,7.4275,-8.25,7.4275,0.25,0.25,D01
DD,13C,-8.0,7.4275,-8.0,7.4275,0.25,0.25,D01
DD,13C,-7.75,7.4275,-7.75,7.4275,0.25,0.25,D01
DD,13C,-7.5,7.4275,-7.5,7.4275,0.25,0.25,D01
DD,13D,-7.2,7.4275,-7.2,7.4275,0.25,0.25,D01
DD,13D,-6.95,7.4275,-6.95,7.4275,0.25,0.25,D01
DD,13D,-6.7,7.4275,-6.7,7.4275,0.25,0.25,D01
DD,13D,-6.45,7.4275,-6.45,7.4275,0.25,0.25,D01
DD,13E,-6.15,7.4275,-6.15,7.4275,0.25,0.25,D01
DD,13E,-5.9,7.4275,-5.9,7.4275,0.25,0.25,D01
DD,13E,-5.65,7.4275,-5.65,7.4275,0.25,0.25,D01
DD,13E,-5.4,7.4275,-5.4,7.4275,0.25,0.25,D01
DD,13F,-5.1,7.4275,-5.1,7.4275,0.25,0.25,D01
DD,13F,-4.85,7.4275,-4.85,7.4275,0.25,0.25,D01
DD,13F,-4.6,7.4275,-4.6,7.4275,0.25,0.25,D01
DD,13F,-4.35,7.4275,-4.35,7.4275,0.25,0.25,D01
DD,13G,-4.05,7.4275,-4.05,7.4275,0.25,0.25,D01
DD,13G,-3.8,7.4275,-3.8,7.4275,0.25,0.25,D01
DD,13G,-3.55,7.4275,-3.55,7.4275,0.25,0.25,D01
DD,13G,-3.3,7.4275,-3.3,7.4275,0.25,0.25,D01
DD,13H,-3.0,7.4275,-3.0,7.4275,0.25,0.25,D01
DD,13H,-2.75,7.4275,-2.75,7.4275,0.25,0.25,D01
DD,13H,-2.5,7.4275,-2.5,7.4275,0.25,0.25,D01
DD,13H,-2.25,7.4275,-2.25,7.4275,0.25,0.25,D01
DD,13I,-1.95,7.4275,-1.95,7.4275,0.25,0.25,D01
DD,13I,-1.7,7.4275,-1.7,7.4275,0.25,0.25,D01
DD,13I,-1.45,7.4275,-1.45,7.4275,0.25,0.25,D01
DD,13I,-1.2,7.4275,-1.2,7.4275,0.25,0.25,D01
DD,13J,-0.9,7.4275,-0.9,7.4275,0.25,0.25,D01
DD,13J,-0.65,7.4275,-0.65,7.4275,0.25,0.25,D01
DD,13J,-0.4,7.4275,-0.4,7.4275,0.25,0.25,D01
DD,13J,-0.15,7.4275,-0.15,7.4275,0.25,0.25,D01
DD,14J,-0.15,7.1775,-0.15,7.1775,0.25,0.25,D01
DD,14J,-0.4,7.1775,-0.4,7.1775,0.25,0.25,D01
DD,14J,-0.65,7.1775,-0.65,7.1775,0.25,0.25,D01
DD,14J,-0.9,7.1775,-0.9,7.1775,0.25,0.25,D01
DD,14I,-1.2,7.1775,-1.2,7.1775,0.25,0.25,D01
DD,14I,-1.45,7.1775,-1.45,7.1775,0.25,0.25,D01
DD,14I,-1.7,7.1775,-1.7,7.1775,0.25,0.25,D01
DD,14I,-1.95,7.1775,-1.95,7.1775,0.25,0.25,D01
DD,14H,-2.25,7.1775,-2.25,7.1775,0.25,0.25,D01
DD,14H,-2.5,7.1775,-2.5,7.1775,0.25,0.25,D01
DD,14H,-2.75,7.1775,-2.75,7.1775,0.25,0.25,D01
DD,14H,-3.0,7.1775,-3.0,7.1775,0.25,0.25,D01
DD,14G,-3.3,7.1775,-3.3,7.1775,0.25,0.25,D01
DD,14G,-3.55,7.1775,-3.55,7.1775,0.25,0.25,D01
DD,14G,-3.8,7.1775,-3.8,7.1775,0.25,0.25,D01
DD,14G,-4.05,7.1775,-4.05,7.1775,0.25,0.25,D01
DD,14F,-4.35,7.1775,-4.35,7.1775,0.25,0.25,D01
DD,14F,-4.6,7.1775,-4.6,7.1775,0.25,0.25,D01
DD,14F,-4.85,7.1775,-4.85,7.1775,0.25,0.25,D01
DD,14F,-5.1,7.1775,-5.1,7.1775,0.25,0.25,D01
DD,14E,-5.4,7.1775,-5.4,7.1775,0.25,0.25,D01
DD,14E,-5.65,7.1775,-5.65,7.1775,0.25,0.25,D01
DD,14E,-5.9,7.1775,-5.9,7.1775,0.25,0.25,D01
DD,14E,-6.15,7.1775,-6.15,7.1775,0.25,0.25,D01
DD,14D,-6.45,7.1775,-6.45,7.1775,0.25,0.25,D01
DD,14D,-6.7,7.1775,-6.7,7.1775,0.25,0.25,D01
DD,14D,-6.95,7.1775,-6.95,7.1775,0.25,0.25,D01
DD,14D,-7.2,7.1775,-7.2,7.1775,0.25,0.25,D01
DD,14C,-7.5,7.1775,-7.5,7.1775,0.25,0.25,D01
DD,14C,-7.75,7.1775,-7.75,7.1775,0.25,0.25,D01
DD,14C,-8.0,7.1775,-8.0,7.1775,0.25,0.25,D01
DD,14C,-8.25,7.1775,-8.25,7.1775,0.25,0.25,D01
DD,14B,-8.55,7.1775,-8.55,7.1775,0.25,0.25,D01
DD,14B,-8.8,7.1775,-8.8,7.1775,0.25,0.25,D01
DD,14B,-9.05,7.1775,-9.05,7.1775,0.25,0.25,D01
DD,14B,-9.3,7.1775,-9.3,7.1775,0.25,0.25,D01
DD,14A,-9.6,7.1775,-9.6,7.1775,0.25,0.25,D01
DD,14A,-9.85,7.1775,-9.85,7.1775,0.25,0.25,D01
DD,14A,-10.1,7.1775,-10.1,7.1775,0.25,0.25,D01
DD,14A,-10.35,7.1775,-10.35,7.1775,0.25,0.25,D01
DD,15A,-10.35,6.9275,-10.35,6.9275,0.25,0.25,D01
DD,15A,-10.1,6.9275,-10.1,6.9275,0.25,0.25,D01
DD,15A,-9.85,6.9275,-9.85,6.9275,0.25,0.25,D01
DD,15A,-9.6,6.9275,-9.6,6.9275,0.25,0.25,D01
DD,15B,-9.3,6.9275,-9.3,6.9275,0.25,0.25,D01
DD,15B,-9.05,6.9275,-9.05,6.9275,0.25,0.25,D01
DD,15B,-8.8,6.9275,-8.8,6.9275,0.25,0.25,D01
DD,15B,-8.55,6.9275,-8.55,6.9275,0.25,0.25,D01
DD,15C,-8.25,6.9275,-8.25,6.9275,0.25,0.25,D01
DD,15C,-8.0,6.9275,-8.0,6.9275,0.25,0.25,D01
DD,15C,-7.75,6.9275,-7.75,6.9275,0.25,0.25,D01
DD,15C,-7.5,6.9275,-7.5,6.9275,0.25,0.25,D01
DD,15D,-7.2,6.9275,-7.2,6.9275,0.25,0.25,D01
DD,15D,-6.95,6.9275,-6.95,6.9275,0.25,0.25,D01
DD,15D,-6.7,6.9275,-6.7,6.9275,0.25,0.25,D01
DD,15D,-6.45,6.9275,-6.45,6.9275,0.25,0.25,D01
DD,15E,-6.15,6.9275,-6.15,6.9275,0.25,0.25,D01
DD,15E,-5.9,6.9275,-5.9,6.9275,0.25,0.25,D01
DD,15E,-5.65,6.9275,-5.65,6.9275,0.25,0.25,D01
DD,15E,-5.4,6.9275,-5.4,6.9275,0.25,0.25,D01
DD,15F,-5.1,6.9275,-5.1,6.9275,0.25,0.25,D01
DD,15F,-4.85,6.9275,-4.85,6.9275,0.25,0.25,D01
DD,15F,-4.6,6.9275,-4.6,6.9275,0.25,0.25,D01
DD,15F,-4.35,6.9275,-4.35,6.9275,0.25,0.25,D01
DD,15G,-4.05,6.9275,-4.05,6.9275,0.25,0.25,D01
DD,15G,-3.8,6.9275,-3.8,6.9275,0.25,0.25,D01
DD,15G,-3.55,6.9275,-3.55,6.9275,0.25,0.25,D01
DD,15G,-3.3,6.9275,-3.3,6.9275,0.25,0.25,D01
DD,15H,-3.0,6.9275,-3.0,6.9275,0.25,0.25,D01
DD,15H,-2.75,6.9275,-2.75,6.9275,0.25,0.25,D01
DD,15H,-2.5,6.9275,-2.5,6.9275,0.25,0.25,D01
DD,15H,-2.25,6.9275,-2.25,6.9275,0.25,0.25,D01
DD,15I,-1.95,6.9275,-1.95,6.9275,0.25,0.25,D01
DD,15I,-1.7,6.9275,-1.7,6.9275,0.25,0.25,D01
DD,15I,-1.45,6.9275,-1.45,6.9275,0.25,0.25,D01
DD,15I,-1.2,6.9275,-1.2,6.9275,0.25,0.25,D01
DD,15J,-0.9,6.9275,-0.9,6.9275,0.25,0.25,D01
DD,15J,-0.65,6.9275,-0.65,6.9275,0.25,0.25,D01
DD,15J,-0.4,6.9275,-0.4,6.9275,0.25,0.25,D01
DD,15J,-0.15,6.9275,-0.15,6.9275,0.25,0.25,D01
DD,16J,-0.15,6.6775,-0.15,6.6775,0.25,0.25,D01
DD,16J,-0.4,6.6775,-0.4,6.6775,0.25,0.25,D01
DD,16J,-0.65,6.6775,-0.65,6.6775,0.25,0.25,D01
DD,16J,-0.9,6.6775,-0.9,6.6775,0.25,0.25,D01
DD,16I,-1.2,6.6775,-1.2,6.6775,0.25,0.25,D01
DD,16I,-1.45,6.6775,-1.45,6.6775,0.25,0.25,D01
DD,16I,-1.7,6.6775,-1.7,6.6775,0.25,0.25,D01
DD,16I,-1.95,6.6775,-1.95,6.6775,0.25,0.25,D01
DD,16H,-2.25,6.6775,-2.25,6.6775,0.25,0.25,D01
DD,16H,-2.5,6.6775,-2.5,6.6775,0.25,0.25,D01
DD,16H,-2.75,6.6775,-2.75,6.6775,0.25,0.25,D01
DD,16H,-3.0,6.6775,-3.0,6.6775,0.25,0.25,D01
DD,16G,-3.3,6.6775,-3.3,6.6775,0.25,0.25,D01
DD,16G,-3.55,6.6775,-3.55,6.6775,0.25,0.25,D01
DD,16G,-3.8,6.6775,-3.8,6.6775,0.25,0.25,D01
DD,16G,-4.05,6.6775,-4.05,6.6775,0.25,0.25,D01
DD,16F,-4.35,6.6775,-4.35,6.6775,0.25,0.25,D01
DD,16F,-4.6,6.6775,-4.6,6.6775,0.25,0.25,D01
DD,16F,-4.85,6.6775,-4.85,6.6775,0.25,0.25,D01
DD,16F,-5.1,6.6775,-5.1,6.6775,0.25,0.25,D01
DD,16E,-5.4,6.6775,-5.4,6.6775,0.25,0.25,D01
DD,16E,-5.65,6.6775,-5.65,6.6775,0.25,0.25,D01
DD,16E,-5.9,6.6775,-5.9,6.6775,0.25,0.25,D01
DD,16E,-6.15,6.6775,-6.15,6.6775,0.25,0.25,D01
DD,16D,-6.45,6.6775,-6.45,6.6775,0.25,0.25,D01
DD,16D,-6.7,6.6775,-6.7,6.6775,0.25,0.25,D01
DD,16D,-6.95,6.6775,-6.95,6.6775,0.25,0.25,D01
DD,16D,-7.2,6.6775,-7.2,6.6775,0.25,0.25,D01
DD,16C,-7.5,6.6775,-7.5,6.6775,0.25,0.25,D01
DD,16C,-7.75,6.6775,-7.75,6.6775,0.25,0.25,D01
DD,16C,-8.0,6.6775,-8.0,6.6775,0.25,0.25,D01
DD,16C,-8.25,6.6775,-8.25,6.6775,0.25,0.25,D01
DD,16B,-8.55,6.6775,-8.55,6.6775,0.25,0.25,D01
DD,16B,-8.8,6.6775,-8.8,6.6775,0.25,0.25,D01
DD,16B,-9.05,6.6775,-9.05,6.6775,0.25,0.25,D01
DD,16B,-9.3,6.6775,-9.3,6.6775,0.25,0.25,D01
DD,16A,-9.6,6.6775,-9.6,6.6775,0.25,0.25,D01
DD,16A,-9.85,6.6775,-9.85,6.6775,0.25,0.25,D01
DD,16A,-10.1,6.6775,-10.1,6.6775,0.25,0.25,D01
DD,16A,-10.35,6.6775,-10.35,6.6775,0.25,0.25,D01
DD,17A,-10.35,6.4275,-10.35,6.4275,0.25,0.25,D01
DD,17A,-10.1,6.4275,-10.1,6.4275,0.25,0.25,D01
DD,17A,-9.85,6.4275,-9.85,6.4275,0.25,0.25,D01
DD,17A,-9.6,6.4275,-9.6,6.4275,0.25,0.25,D01
DD,17B,-9.3,6.4275,-9.3,6.4275,0.25,0.25,D01
DD,17B,-9.05,6.4275,-9.05,6.4275,0.25,0.25,D01
DD,17B,-8.8,6.4275,-8.8,6.4275,0.25,0.25,D01
DD,17B,-8.55,6.4275,-8.55,6.4275,0.25,0.25,D01
DD,17C,-8.25,6.4275,-8.25,6.4275,0.25,0.25,D01
DD,17C,-8.0,6.4275,-8.0,6.4275,0.25,0.25,D01
DD,17C,-7.75,6.4275,-7.75,6.4275,0.25,0.25,D01
DD,17C,-7.5,6.4275,-7.5,6.4275,0.25,0.25,D01
DD,17D,-7.2,6.4275,-7.2,6.4275,0.25,0.25,D01
DD,17D,-6.95,6.4275,-6.95,6.4275,0.25,0.25,D01
DD,17D,-6.7,6.4275,-6.7,6.4275,0.25,0.25,D01
DD,17D,-6.45,6.4275,-6.45,6.4275,0.25,0.25,D01
DD,17E,-6.15,6.4275,-6.15,6.4275,0.25,0.25,TS-GroupD [D1 D2 D3 D4]
DD,17E,-5.9,6.4275,-5.9,6.4275,0.25,0.25,TS-GroupD [D1 D2 D3 D4]
DD,17E,-5.65,6.4275,-5.65,6.4275,0.25,0.25,TS-GroupD [D1 D2 D3 D4]
DD,17E,-5.4,6.4275,-5.4,6.4275,0.25,0.25,TS-GroupD [D1 D2 D3 D4]
DD,17F,-5.1,6.4275,-5.1,6.4275,0.25,0.25,TS-GroupD [D1 D2 D3 D4]
DD,17F,-4.85,6.4275,-4.85,6.4275,0.25,0.25,TS-GroupD [D1 D2 D3 D4]
DD,17F,-4.6,6.4275,-4.6,6.4275,0.25,0.25,TS-GroupD [D1 D2 D3 D4]
DD,17F,-4.35,6.4275,-4.35,6.4275,0.25,0.25,TS-GroupD [D1 D2 D3 D4]
DD,17G,-4.05,6.4275,-4.05,6.4275,0.25,0.25,TS-GroupR [R1 R2 R3 R4]
DD,17G,-3.8,6.4275,-3.8,6.4275,0.25,0.25,TS-GroupR [R1 R2 R3 R4]
DD,17G,-3.55,6.4275,-3.55,6.4275,0.25,0.25,TS-GroupR [R1 R2 R3 R4]
DD,17G,-3.3,6.4275,-3.3,6.4275,0.25,0.25,TS-GroupR [R1 R2 R3 R4]
DD,17H,-3.0,6.4275,-3.0,6.4275,0.25,0.25,TS-GroupR [R1 R2 R3 R4]
DD,17H,-2.75,6.4275,-2.75,6.4275,0.25,0.25,TS-GroupR [R1 R2 R3 R4]
DD,17H,-2.5,6.4275,-2.5,6.4275,0.25,0.25,TS-GroupR [R1 R2 R3 R4]
DD,17H,-2.25,6.4275,-2.25,6.4275,0.25,0.25,TS-GroupR [R1 R2 R3 R4]
DD,17I,-1.95,6.4275,-1.95,6.4275,0.25,0.25,TS-GroupM [M1 M2 M3 M4]
DD,17I,-1.7,6.4275,-1.7,6.4275,0.25,0.25,TS-GroupM [M1 M2 M3 M4]
DD,17I,-1.45,6.4275,-1.45,6.4275,0.25,0.25,TS-GroupM [M1 M2 M3 M4]
DD,17I,-1.2,6.4275,-1.2,6.4275,0.25,0.25,TS-GroupM [M1 M2 M3 M4]
DD,17J,-0.9,6.4275,-0.9,6.4275,0.25,0.25,TS-GroupM [M1 M2 M3 M4]
DD,17J,-0.65,6.4275,-0.65,6.4275,0.25,0.25,TS-GroupM [M1 M2 M3 M4]
DD,17J,-0.4,6.4275,-0.4,6.4275,0.25,0.25,TS-GroupM [M1 M2 M3 M4]
DD,17J,-0.15,6.4275,-0.15,6.4275,0.25,0.25,TS-GroupM [M1 M2 M3 M4]
DD,18J,-0.15,6.1775,-0.15,6.1775,0.25,0.25,TS-GroupM [M5 M6 M7 M8]
DD,18J,-0.4,6.1775,-0.4,6.1775,0.25,0.25,TS-GroupM [M5 M6 M7 M8]
DD,18J,-0.65,6.1775,-0.65,6.1775,0.25,0.25,TS-GroupM [M5 M6 M7 M8]
DD,18J,-0.9,6.1775,-0.9,6.1775,0.25,0.25,TS-GroupM [M5 M6 M7 M8]
DD,18I,-1.2,6.1775,-1.2,6.1775,0.25,0.25,TS-GroupM [M5 M6 M7 M8]
DD,18I,-1.45,6.1775,-1.45,6.1775,0.25,0.25,TS-GroupM [M5 M6 M7 M8]
DD,18I,-1.7,6.1775,-1.7,6.1775,0.25,0.25,TS-GroupM [M5 M6 M7 M8]
DD,18I,-1.95,6.1775,-1.95,6.1775,0.25,0.25,TS-GroupM [M5 M6 M7 M8]
DD,18H,-2.25,6.1775,-2.25,6.1775,0.25,0.25,TS-GroupR [R5 R6 R7 R8]
DD,18H,-2.5,6.1775,-2.5,6.1775,0.25,0.25,TS-GroupR [R5 R6 R7 R8]
DD,18H,-2.75,6.1775,-2.75,6.1775,0.25,0.25,TS-GroupR [R5 R6 R7 R8]
DD,18H,-3.0,6.1775,-3.0,6.1775,0.25,0.25,TS-GroupR [R5 R6 R7 R8]
DD,18G,-3.3,6.1775,-3.3,6.1775,0.25,0.25,TS-GroupR [R5 R6 R7 R8]
DD,18G,-3.55,6.1775,-3.55,6.1775,0.25,0.25,TS-GroupR [R5 R6 R7 R8]
DD,18G,-3.8,6.1775,-3.8,6.1775,0.25,0.25,TS-GroupR [R5 R6 R7 R8]
DD,18G,-4.05,6.1775,-4.05,6.1775,0.25,0.25,TS-GroupR [R5 R6 R7 R8]
DD,18F,-4.35,6.1775,-4.35,6.1775,0.25,0.25,TS-GroupD [D5 D6 D7 D8]
DD,18F,-4.6,6.1775,-4.6,6.1775,0.25,0.25,TS-GroupD [D5 D6 D7 D8]
DD,18F,-4.85,6.1775,-4.85,6.1775,0.25,0.25,TS-GroupD [D5 D6 D7 D8]
DD,18F,-5.1,6.1775,-5.1,6.1775,0.25,0.25,TS-GroupD [D5 D6 D7 D8]
DD,18E,-5.4,6.1775,-5.4,6.1775,0.25,0.25,TS-GroupD [D5 D6 D7 D8]
DD,18E,-5.65,6.1775,-5.65,6.1775,0.25,0.25,TS-GroupD [D5 D6 D7 D8]
DD,18E,-5.9,6.1775,-5.9,6.1775,0.25,0.25,TS-GroupD [D5 D6 D7 D8]
DD,18E,-6.15,6.1775,-6.15,6.1775,0.25,0.25,TS-GroupD [D5 D6 D7 D8]
DD,18D,-6.45,6.1775,-6.45,6.1775,0.25,0.25,D01
DD,18D,-6.7,6.1775,-6.7,6.1775,0.25,0.25,D01
DD,18D,-6.95,6.1775,-6.95,6.1775,0.25,0.25,D01
DD,18D,-7.2,6.1775,-7.2,6.1775,0.25,0.25,D01
DD,18C,-7.5,6.1775,-7.5,6.1775,0.25,0.25,D01
DD,18C,-7.75,6.1775,-7.75,6.1775,0.25,0.25,D01
DD,18C,-8.0,6.1775,-8.0,6.1775,0.25,0.25,D01
DD,18C,-8.25,6.1775,-8.25,6.1775,0.25,0.25,D01
DD,18B,-8.55,6.1775,-8.55,6.1775,0.25,0.25,D01
DD,18B,-8.8,6.1775,-8.8,6.1775,0.25,0.25,D01
DD,18B,-9.05,6.1775,-9.05,6.1775,0.25,0.25,D01
DD,18B,-9.3,6.1775,-9.3,6.1775,0.25,0.25,D01
DD,18A,-9.6,6.1775,-9.6,6.1775,0.25,0.25,D01
DD,18A,-9.85,6.1775,-9.85,6.1775,0.25,0.25,D01
DD,18A,-10.1,6.1775,-10.1,6.1775,0.25,0.25,D01
DD,18A,-10.35,6.1775,-10.35,6.1775,0.25,0.25,D01
DD,19A,-10.35,5.9275,-10.35,5.9275,0.25,0.25,D01
DD,19A,-10.1,5.9275,-10.1,5.9275,0.25,0.25,D01
DD,19A,-9.85,5.9275,-9.85,5.9275,0.25,0.25,D01
DD,19A,-9.6,5.9275,-9.6,5.9275,0.25,0.25,D01
DD,19B,-9.3,5.9275,-9.3,5.9275,0.25,0.25,D01
DD,19B,-9.05,5.9275,-9.05,5.9275,0.25,0.25,D01
DD,19B,-8.8,5.9275,-8.8,5.9275,0.25,0.25,D01
DD,19B,-8.55,5.9275,-8.55,5.9275,0.25,0.25,D01
DD,19C,-8.25,5.9275,-8.25,5.9275,0.25,0.25,D01
DD,19C,-8.0,5.9275,-8.0,5.9275,0.25,0.25,D01
DD,19C,-7.75,5.9275,-7.75,5.9275,0.25,0.25,D01
DD,19C,-7.5,5.9275,-7.5,5.9275,0.25,0.25,D01
DD,19D,-7.2,5.9275,-7.2,5.9275,0.25,0.25,D01
DD,19D,-6.95,5.9275,-6.95,5.9275,0.25,0.25,D01
DD,19D,-6.7,5.9275,-6.7,5.9275,0.25,0.25,D01
DD,19D,-6.45,5.9275,-6.45,5.9275,0.25,0.25,D01
DD,19E,-6.15,5.9275,-6.15,5.9275,0.25,0.25,D01
DD,19E,-5.9,5.9275,-5.9,5.9275,0.25,0.25,D01
DD,19E,-5.65,5.9275,-5.65,5.9275,0.25,0.25,D01
DD,19E,-5.4,5.9275,-5.4,5.9275,0.25,0.25,D01
DD,19F,-5.1,5.9275,-5.1,5.9275,0.25,0.25,D01
DD,19F,-4.85,5.9275,-4.85,5.9275,0.25,0.25,D01
DD,19F,-4.6,5.9275,-4.6,5.9275,0.25,0.25,D01
DD,19F,-4.35,5.9275,-4.35,5.9275,0.25,0.25,D01
DD,19G,-4.05,5.9275,-4.05,5.9275,0.25,0.25,D01
DD,19G,-3.8,5.9275,-3.8,5.9275,0.25,0.25,D01
DD,19G,-3.55,5.9275,-3.55,5.9275,0.25,0.25,D01
DD,19G,-3.3,5.9275,-3.3,5.9275,0.25,0.25,D01
DD,19H,-3.0,5.9275,-3.0,5.9275,0.25,0.25,D01
DD,19H,-2.75,5.9275,-2.75,5.9275,0.25,0.25,D01
DD,19H,-2.5,5.9275,-2.5,5.9275,0.25,0.25,D01
DD,19H,-2.25,5.9275,-2.25,5.9275,0.25,0.25,D01
DD,19I,-1.95,5.9275,-1.95,5.9275,0.25,0.25,D01
DD,19I,-1.7,5.9275,-1.7,5.9275,0.25,0.25,D01
DD,19I,-1.45,5.9275,-1.45,5.9275,0.25,0.25,D01
DD,19I,-1.2,5.9275,-1.2,5.9275,0.25,0.25,D01
DD,19J,-0.9,5.9275,-0.9,5.9275,0.25,0.25,D01
DD,19J,-0.65,5.9275,-0.65,5.9275,0.25,0.25,D01
DD,19J,-0.4,5.9275,-0.4,5.9275,0.25,0.25,D01
DD,19J,-0.15,5.9275,-0.15,5.9275,0.25,0.25,D01
DD,20J,-0.15,5.6775,-0.15,5.6775,0.25,0.25,D01
DD,20J,-0.4,5.6775,-0.4,5.6775,0.25,0.25,D01
DD,20J,-0.65,5.6775,-0.65,5.6775,0.25,0.25,D01
DD,20J,-0.9,5.6775,-0.9,5.6775,0.25,0.25,D01
DD,20I,-1.2,5.6775,-1.2,5.6775,0.25,0.25,D01
DD,20I,-1.45,5.6775,-1.45,5.6775,0.25,0.25,D01
DD,20I,-1.7,5.6775,-1.7,5.6775,0.25,0.25,D01
DD,20I,-1.95,5.6775,-1.95,5.6775,0.25,0.25,D01
DD,20H,-2.25,5.6775,-2.25,5.6775,0.25,0.25,D01
DD,20H,-2.5,5.6775,-2.5,5.6775,0.25,0.25,D01
DD,20H,-2.75,5.6775,-2.75,5.6775,0.25,0.25,D01
DD,20H,-3.0,5.6775,-3.0,5.6775,0.25,0.25,D01
DD,20G,-3.3,5.6775,-3.3,5.6775,0.25,0.25,D01
DD,20G,-3.55,5.6775,-3.55,5.6775,0.25,0.25,D01
DD,20G,-3.8,5.6775,-3.8,5.6775,0.25,0.25,D01
DD,20G,-4.05,5.6775,-4.05,5.6775,0.25,0.25,D01
DD,20F,-4.35,5.6775,-4.35,5.6775,0.25,0.25,D01
DD,20F,-4.6,5.6775,-4.6,5.6775,0.25,0.25,D01
DD,20F,-4.85,5.6775,-4.85,5.6775,0.25,0.25,D01
DD,20F,-5.1,5.6775,-5.1,5.6775,0.25,0.25,D01
DD,20E,-5.4,5.6775,-5.4,5.6775,0.25,0.25,D01
DD,20E,-5.65,5.6775,-5.65,5.6775,0.25,0.25,D01
DD,20E,-5.9,5.6775,-5.9,5.6775,0.25,0.25,D01
DD,20E,-6.15,5.6775,-6.15,5.6775,0.25,0.25,D01
DD,20D,-6.45,5.6775,-6.45,5.6775,0.25,0.25,D01
DD,20D,-6.7,5.6775,-6.7,5.6775,0.25,0.25,D01
DD,20D,-6.95,5.6775,-6.95,5.6775,0.25,0.25,D01
DD,20D,-7.2,5.6775,-7.2,5.6775,0.25,0.25,D01
DD,20C,-7.5,5.6775,-7.5,5.6775,0.25,0.25,D01
DD,20C,-7.75,5.6775,-7.75,5.6775,0.25,0.25,D01
DD,20C,-8.0,5.6775,-8.0,5.6775,0.25,0.25,D01
DD,20C,-8.25,5.6775,-8.25,5.6775,0.25,0.25,D01
DD,20B,-8.55,5.6775,-8.55,5.6775,0.25,0.25,D01
DD,20B,-8.8,5.6775,-8.8,5.6775,0.25,0.25,D01
DD,20B,-9.05,5.6775,-9.05,5.6775,0.25,0.25,D01
DD,20B,-9.3,5.6775,-9.3,5.6775,0.25,0.25,D01
DD,20A,-9.6,5.6775,-9.6,5.6775,0.25,0.25,D01
DD,20A,-9.85,5.6775,-9.85,5.6775,0.25,0.25,D01
DD,20A,-10.1,5.6775,-10.1,5.6775,0.25,0.25,D01
DD,20A,-10.35,5.6775,-10.35,5.6775,0.25,0.25,D01
DD,21A,-10.35,5.4275,-10.35,5.4275,0.25,0.25,D01
DD,21A,-10.1,5.4275,-10.1,5.4275,0.25,0.25,D01
DD,21A,-9.85,5.4275,-9.85,5.4275,0.25,0.25,D01
DD,21A,-9.6,5.4275,-9.6,5.4275,0.25,0.25,D01
DD,21B,-9.3,5.4275,-9.3,5.4275,0.25,0.25,D01
DD,21B,-9.05,5.4275,-9.05,5.4275,0.25,0.25,D01
DD,21B,-8.8,5.4275,-8.8,5.4275,0.25,0.25,D01
DD,21B,-8.55,5.4275,-8.55,5.4275,0.25,0.25,D01
DD,21C,-8.25,5.4275,-8.25,5.4275,0.25,0.25,D01
DD,21C,-8.0,5.4275,-8.0,5.4275,0.25,0.25,D01
DD,21C,-7.75,5.4275,-7.75,5.4275,0.25,0.25,D01
DD,21C,-7.5,5.4275,-7.5,5.4275,0.25,0.25,D01
DD,21D,-7.2,5.4275,-7.2,5.4275,0.25,0.25,D01
DD,21D,-6.95,5.4275,-6.95,5.4275,0.25,0.25,D01
DD,21D,-6.7,5.4275,-6.7,5.4275,0.25,0.25,D01
DD,21D,-6.45,5.4275,-6.45,5.4275,0.25,0.25,D01
DD,21E,-6.15,5.4275,-6.15,5.4275,0.25,0.25,D01
DD,21E,-5.9,5.4275,-5.9,5.4275,0.25,0.25,D01
DD,21E,-5.65,5.4275,-5.65,5.4275,0.25,0.25,D01
DD,21E,-5.4,5.4275,-5.4,5.4275,0.25,0.25,D01
DD,21F,-5.1,5.4275,-5.1,5.4275,0.25,0.25,D01
DD,21F,-4.85,5.4275,-4.85,5.4275,0.25,0.25,D01
DD,21F,-4.6,5.4275,-4.6,5.4275,0.25,0.25,D01
DD,21F,-4.35,5.4275,-4.35,5.4275,0.25,0.25,D01
DD,21G,-4.05,5.4275,-4.05,5.4275,0.25,0.25,D01
DD,21G,-3.8,5.4275,-3.8,5.4275,0.25,0.25,D01
DD,21G,-3.55,5.4275,-3.55,5.4275,0.25,0.25,D01
DD,21G,-3.3,5.4275,-3.3,5.4275,0.25,0.25,D01
DD,21H,-3.0,5.4275,-3.0,5.4275,0.25,0.25,D01
DD,21H,-2.75,5.4275,-2.75,5.4275,0.25,0.25,D01
DD,21H,-2.5,5.4275,-2.5,5.4275,0.25,0.25,D01
DD,21H,-2.25,5.4275,-2.25,5.4275,0.25,0.25,D01
DD,21I,-1.95,5.4275,-1.95,5.4275,0.25,0.25,D01
DD,21I,-1.7,5.4275,-1.7,5.4275,0.25,0.25,D01
DD,21I,-1.45,5.4275,-1.45,5.4275,0.25,0.25,D01
DD,21I,-1.2,5.4275,-1.2,5.4275,0.25,0.25,D01
DD,21J,-0.9,5.4275,-0.9,5.4275,0.25,0.25,D01
DD,21J,-0.65,5.4275,-0.65,5.4275,0.25,0.25,D01
DD,21J,-0.4,5.4275,-0.4,5.4275,0.25,0.25,D01
DD,21J,-0.15,5.4275,-0.15,5.4275,0.25,0.25,D01
DD,22J,-0.15,5.1775,-0.15,5.1775,0.25,0.25,D01
DD,22J,-0.4,5.1775,-0.4,5.1775,0.25,0.25,D01
DD,22J,-0.65,5.1775,-0.65,5.1775,0.25,0.25,D01
DD,22J,-0.9,5.1775,-0.9,5.1775,0.25,0.25,D01
DD,22I,-1.2,5.1775,-1.2,5.1775,0.25,0.25,D01
DD,22I,-1.45,5.1775,-1.45,5.1775,0.25,0.25,D01
DD,22I,-1.7,5.1775,-1.7,5.1775,0.25,0.25,D01
DD,22I,-1.95,5.1775,-1.95,5.1775,0.25,0.25,D01
DD,22H,-2.25,5.1775,-2.25,5.1775,0.25,0.25,D01
DD,22H,-2.5,5.1775,-2.5,5.1775,0.25,0.25,D01
DD,22H,-2.75,5.1775,-2.75,5.1775,0.25,0.25,D01
DD,22H,-3.0,5.1775,-3.0,5.1775,0.25,0.25,D01
DD,22G,-3.3,5.1775,-3.3,5.1775,0.25,0.25,D01
DD,22G,-3.55,5.1775,-3.55,5.1775,0.25,0.25,D01
DD,22G,-3.8,5.1775,-3.8,5.1775,0.25,0.25,D01
DD,22G,-4.05,5.1775,-4.05,5.1775,0.25,0.25,D01
DD,22F,-4.35,5.1775,-4.35,5.1775,0.25,0.25,D01
DD,22F,-4.6,5.1775,-4.6,5.1775,0.25,0.25,D01
DD,22F,-4.85,5.1775,-4.85,5.1775,0.25,0.25,D01
DD,22F,-5.1,5.1775,-5.1,5.1775,0.25,0.25,D01
DD,22E,-5.4,5.1775,-5.4,5.1775,0.25,0.25,D01
DD,22E,-5.65,5.1775,-5.65,5.1775,0.25,0.25,D01
DD,22E,-5.9,5.1775,-5.9,5.1775,0.25,0.25,D01
DD,22E,-6.15,5.1775,-6.15,5.1775,0.25,0.25,D01
DD,22D,-6.45,5.1775,-6.45,5.1775,0.25,0.25,D01
DD,22D,-6.7,5.1775,-6.7,5.1775,0.25,0.25,D01
DD,22D,-6.95,5.1775,-6.95,5.1775,0.25,0.25,D01
DD,22D,-7.2,5.1775,-7.2,5.1775,0.25,0.25,D01
DD,22C,-7.5,5.1775,-7.5,5.1775,0.25,0.25,D01
DD,22C,-7.75,5.1775,-7.75,5.1775,0.25,0.25,D01
DD,22C,-8.0,5.1775,-8.0,5.1775,0.25,0.25,D01
DD,22C,-8.25,5.1775,-8.25,5.1775,0.25,0.25,D01
DD,22B,-8.55,5.1775,-8.55,5.1775,0.25,0.25,D01
DD,22B,-8.8,5.1775,-8.8,5.1775,0.25,0.25,D01
DD,22B,-9.05,5.1775,-9.05,5.1775,0.25,0.25,D01
DD,22B,-9.3,5.1775,-9.3,5.1775,0.25,0.25,D01
DD,22A,-9.6,5.1775,-9.6,5.1775,0.25,0.25,D01
DD,22A,-9.85,5.1775,-9.85,5.1775,0.25,0.25,D01
DD,22A,-10.1,5.1775,-10.1,5.1775,0.25,0.25,D01
DD,22A,-10.35,5.1775,-10.35,5.1775,0.25,0.25,D01
DD,23A,-10.35,4.9275,-10.35,4.9275,0.25,0.25,D01
DD,23A,-10.1,4.9275,-10.1,4.9275,0.25,0.25,D01
DD,23A,-9.85,4.9275,-9.85,4.9275,0.25,0.25,D01
DD,23A,-9.6,4.9275,-9.6,4.9275,0.25,0.25,D01
DD,23B,-9.3,4.9275,-9.3,4.9275,0.25,0.25,D01
DD,23B,-9.05,4.9275,-9.05,4.9275,0.25,0.25,D01
DD,23B,-8.8,4.9275,-8.8,4.9275,0.25,0.25,D01
DD,23B,-8.55,4.9275,-8.55,4.9275,0.25,0.25,D01
DD,23C,-8.25,4.9275,-8.25,4.9275,0.25,0.25,D01
DD,23C,-8.0,4.9275,-8.0,4.9275,0.25,0.25,D01
DD,23C,-7.75,4.9275,-7.75,4.9275,0.25,0.25,D01
DD,23C,-7.5,4.9275,-7.5,4.9275,0.25,0.25,D01
DD,23D,-7.2,4.9275,-7.2,4.9275,0.25,0.25,D01
DD,23D,-6.95,4.9275,-6.95,4.9275,0.25,0.25,D01
DD,23D,-6.7,4.9275,-6.7,4.9275,0.25,0.25,D01
DD,23D,-6.45,4.9275,-6.45,4.9275,0.25,0.25,D01
DD,23E,-6.15,4.9275,-6.15,4.9275,0.25,0.25,D01
DD,23E,-5.9,4.9275,-5.9,4.9275,0.25,0.25,D01
DD,23E,-5.65,4.9275,-5.65,4.9275,0.25,0.25,D01
DD,23E,-5.4,4.9275,-5.4,4.9275,0.25,0.25,D01
DD,23F,-5.1,4.9275,-5.1,4.9275,0.25,0.25,D01
DD,23F,-4.85,4.9275,-4.85,4.9275,0.25,0.25,D01
DD,23F,-4.6,4.9275,-4.6,4.9275,0.25,0.25,D01
DD,23F,-4.35,4.9275,-4.35,4.9275,0.25,0.25,D01
DD,23G,-4.05,4.9275,-4.05,4.9275,0.25,0.25,D01
DD,23G,-3.8,4.9275,-3.8,4.9275,0.25,0.25,D01
DD,23G,-3.55,4.9275,-3.55,4.9275,0.25,0.25,D01
DD,23G,-3.3,4.9275,-3.3,4.9275,0.25,0.25,D01
DD,23H,-3.0,4.9275,-3.0,4.9275,0.25,0.25,D01
DD,23H,-2.75,4.9275,-2.75,4.9275,0.25,0.25,D01
DD,23H,-2.5,4.9275,-2.5,4.9275,0.25,0.25,D01
DD,23H,-2.25,4.9275,-2.25,4.9275,0.25,0.25,D01
DD,23I,-1.95,4.9275,-1.95,4.9275,0.25,0.25,D01
DD,23I,-1.7,4.9275,-1.7,4.9275,0.25,0.25,D01
DD,23I,-1.45,4.9275,-1.45,4.9275,0.25,0.25,D01
DD,23I,-1.2,4.9275,-1.2,4.9275,0.25,0.25,D01
DD,23J,-0.9,4.9275,-0.9,4.9275,0.25,0.25,D01
DD,23J,-0.65,4.9275,-0.65,4.9275,0.25,0.25,D01
DD,23J,-0.4,4.9275,-0.4,4.9275,0.25,0.25,D01
DD,23J,-0.15,4.9275,-0.15,4.9275,0.25,0.25,D01
DD,24J,-0.15,4.6775,-0.15,4.6775,0.25,0.25,D01
DD,24J,-0.4,4.6775,-0.4,4.6775,0.25,0.25,D01
DD,24J,-0.65,4.6775,-0.65,4.6775,0.25,0.25,D01
DD,24J,-0.9,4.6775,-0.9,4.6775,0.25,0.25,D01
DD,24I,-1.2,4.6775,-1.2,4.6775,0.25,0.25,D01
DD,24I,-1.45,4.6775,-1.45,4.6775,0.25,0.25,D01
DD,24I,-1.7,4.6775,-1.7,4.6775,0.25,0.25,D01
DD,24I,-1.95,4.6775,-1.95,4.6775,0.25,0.25,D01
DD,24H,-2.25,4.6775,-2.25,4.6775,0.25,0.25,D01
DD,24H,-2.5,4.6775,-2.5,4.6775,0.25,0.25,D01
DD,24H,-2.75,4.6775,-2.75,4.6775,0.25,0.25,D01
DD,24H,-3.0,4.6775,-3.0,4.6775,0.25,0.25,D01
DD,24G,-3.3,4.6775,-3.3,4.6775,0.25,0.25,D01
DD,24G,-3.55,4.6775,-3.55,4.6775,0.25,0.25,D01
DD,24G,-3.8,4.6775,-3.8,4.6775,0.25,0.25,D01
DD,24G,-4.05,4.6775,-4.05,4.6775,0.25,0.25,D01
DD,24F,-4.35,4.6775,-4.35,4.6775,0.25,0.25,D01
DD,24F,-4.6,4.6775,-4.6,4.6775,0.25,0.25,D01
DD,24F,-4.85,4.6775,-4.85,4.6775,0.25,0.25,D01
DD,24F,-5.1,4.6775,-5.1,4.6775,0.25,0.25,D01
DD,24E,-5.4,4.6775,-5.4,4.6775,0.25,0.25,D01
DD,24E,-5.65,4.6775,-5.65,4.6775,0.25,0.25,D01
DD,24E,-5.9,4.6775,-5.9,4.6775,0.25,0.25,D01
DD,24E,-6.15,4.6775,-6.15,4.6775,0.25,0.25,D01
DD,24D,-6.45,4.6775,-6.45,4.6775,0.25,0.25,D01
DD,24D,-6.7,4.6775,-6.7,4.6775,0.25,0.25,D01
DD,24D,-6.95,4.6775,-6.95,4.6775,0.25,0.25,D01
DD,24D,-7.2,4.6775,-7.2,4.6775,0.25,0.25,D01
DD,24C,-7.5,4.6775,-7.5,4.6775,0.25,0.25,D01
DD,24C,-7.75,4.6775,-7.75,4.6775,0.25,0.25,D01
DD,24C,-8.0,4.6775,-8.0,4.6775,0.25,0.25,D01
DD,24C,-8.25,4.6775,-8.25,4.6775,0.25,0.25,D01
DD,24B,-8.55,4.6775,-8.55,4.6775,0.25,0.25,D01
DD,24B,-8.8,4.6775,-8.8,4.6775,0.25,0.25,D01
DD,24B,-9.05,4.6775,-9.05,4.6775,0.25,0.25,D01
DD,24B,-9.3,4.6775,-9.3,4.6775,0.25,0.25,D01
DD,24A,-9.6,4.6775,-9.6,4.6775,0.25,0.25,D01
DD,24A,-9.85,4.6775,-9.85,4.6775,0.25,0.25,D01
DD,24A,-10.1,4.6775,-10.1,4.6775,0.25,0.25,D01
DD,24A,-10.35,4.6775,-10.35,4.6775,0.25,0.25,D01
DD,25A,-10.35,4.4275,-10.35,4.4275,0.25,0.25,D01
DD,25A,-10.1,4.4275,-10.1,4.4275,0.25,0.25,D01
DD,25A,-9.85,4.4275,-9.85,4.4275,0.25,0.25,D01
DD,25A,-9.6,4.4275,-9.6,4.4275,0.25,0.25,D01
DD,25B,-9.3,4.4275,-9.3,4.4275,0.25,0.25,D01
DD,25B,-9.05,4.4275,-9.05,4.4275,0.25,0.25,D01
DD,25B,-8.8,4.4275,-8.8,4.4275,0.25,0.25,D01
DD,25B,-8.55,4.4275,-8.55,4.4275,0.25,0.25,D01
DD,25C,-8.25,4.4275,-8.25,4.4275,0.25,0.25,D01
DD,25C,-8.0,4.4275,-8.0,4.4275,0.25,0.25,D01
DD,25C,-7.75,4.4275,-7.75,4.4275,0.25,0.25,D01
DD,25C,-7.5,4.4275,-7.5,4.4275,0.25,0.25,D01
DD,25D,-7.2,4.4275,-7.2,4.4275,0.25,0.25,D01
DD,25D,-6.95,4.4275,-6.95,4.4275,0.25,0.25,D01
DD,25D,-6.7,4.4275,-6.7,4.4275,0.25,0.25,D01
DD,25D,-6.45,4.4275,-6.45,4.4275,0.25,0.25,D01
DD,25E,-6.15,4.4275,-6.15,4.4275,0.25,0.25,D01
DD,25E,-5.9,4.4275,-5.9,4.4275,0.25,0.25,D01
DD,25E,-5.65,4.4275,-5.65,4.4275,0.25,0.25,D01
DD,25E,-5.4,4.4275,-5.4,4.4275,0.25,0.25,D01
DD,25F,-5.1,4.4275,-5.1,4.4275,0.25,0.25,D01
DD,25F,-4.85,4.4275,-4.85,4.4275,0.25,0.25,D01
DD,25F,-4.6,4.4275,-4.6,4.4275,0.25,0.25,D01
DD,25F,-4.35,4.4275,-4.35,4.4275,0.25,0.25,D01
DD,25G,-4.05,4.4275,-4.05,4.4275,0.25,0.25,D01
DD,25G,-3.8,4.4275,-3.8,4.4275,0.25,0.25,D01
DD,25G,-3.55,4.4275,-3.55,4.4275,0.25,0.25,D01
DD,25G,-3.3,4.4275,-3.3,4.4275,0.25,0.25,D01
DD,25H,-3.0,4.4275,-3.0,4.4275,0.25,0.25,D01
DD,25H,-2.75,4.4275,-2.75,4.4275,0.25,0.25,D01
DD,25H,-2.5,4.4275,-2.5,4.4275,0.25,0.25,D01
DD,25H,-2.25,4.4275,-2.25,4.4275,0.25,0.25,D01
DD,25I,-1.95,4.4275,-1.95,4.4275,0.25,0.25,D01
DD,25I,-1.7,4.4275,-1.7,4.4275,0.25,0.25,D01
DD,25I,-1.45,4.4275,-1.45,4.4275,0.25,0.25,D01
DD,25I,-1.2,4.4275,-1.2,4.4275,0.25,0.25,D01
DD,25J,-0.9,4.4275,-0.9,4.4275,0.25,0.25,D01
DD,25J,-0.65,4.4275,-0.65,4.4275,0.25,0.25,D01
DD,25J,-0.4,4.4275,-0.4,4.4275,0.25,0.25,D01
DD,25J,-0.15,4.4275,-0.15,4.4275,0.25,0.25,D01
DD,26J,-0.15,4.1775,-0.15,4.1775,0.25,0.25,D01
DD,26J,-0.4,4.1775,-0.4,4.1775,0.25,0.25,D01
DD,26J,-0.65,4.1775,-0.65,4.1775,0.25,0.25,D01
DD,26J,-0.9,4.1775,-0.9,4.1775,0.25,0.25,D01
DD,26I,-1.2,4.1775,-1.2,4.1775,0.25,0.25,D01
DD,26I,-1.45,4.1775,-1.45,4.1775,0.25,0.25,D01
DD,26I,-1.7,4.1775,-1.7,4.1775,0.25,0.25,D01
DD,26I,-1.95,4.1775,-1.95,4.1775,0.25,0.25,D01
DD,26H,-2.25,4.1775,-2.25,4.1775,0.25,0.25,D01
DD,26H,-2.5,4.1775,-2.5,4.1775,0.25,0.25,D01
DD,26H,-2.75,4.1775,-2.75,4.1775,0.25,0.25,D01
DD,26H,-3.0,4.1775,-3.0,4.1775,0.25,0.25,D01
DD,26G,-3.3,4.1775,-3.3,4.1775,0.25,0.25,D01
DD,26G,-3.55,4.1775,-3.55,4.1775,0.25,0.25,D01
DD,26G,-3.8,4.1775,-3.8,4.1775,0.25,0.25,D01
DD,26G,-4.05,4.1775,-4.05,4.1775,0.25,0.25,D01
DD,26F,-4.35,4.1775,-4.35,4.1775,0.25,0.25,D01
DD,26F,-4.6,4.1775,-4.6,4.1775,0.25,0.25,D01
DD,26F,-4.85,4.1775,-4.85,4.1775,0.25,0.25,D01
DD,26F,-5.1,4.1775,-5.1,4.1775,0.25,0.25,D01
DD,26E,-5.4,4.1775,-5.4,4.1775,0.25,0.25,D01
DD,26E,-5.65,4.1775,-5.65,4.1775,0.25,0.25,D01
DD,26E,-5.9,4.1775,-5.9,4.1775,0.25,0.25,D01
DD,26E,-6.15,4.1775,-6.15,4.1775,0.25,0.25,D01
DD,26D,-6.45,4.1775,-6.45,4.1775,0.25,0.25,D01
DD,26D,-6.7,4.1775,-6.7,4.1775,0.25,0.25,D01
DD,26D,-6.95,4.1775,-6.95,4.1775,0.25,0.25,D01
DD,26D,-7.2,4.1775,-7.2,4.1775,0.25,0.25,D01
DD,26C,-7.5,4.1775,-7.5,4.1775,0.25,0.25,D01
DD,26C,-7.75,4.1775,-7.75,4.1775,0.25,0.25,D01
DD,26C,-8.0,4.1775,-8.0,4.1775,0.25,0.25,D01
DD,26C,-8.25,4.1775,-8.25,4.1775,0.25,0.25,D01
DD,26B,-8.55,4.1775,-8.55,4.1775,0.25,0.25,D01
DD,26B,-8.8,4.1775,-8.8,4.1775,0.25,0.25,D01
DD,26B,-9.05,4.1775,-9.05,4.1775,0.25,0.25,D01
DD,26B,-9.3,4.1775,-9.3,4.1775,0.25,0.25,D01
DD,26A,-9.6,4.1775,-9.6,4.1775,0.25,0.25,D01
DD,26A,-9.85,4.1775,-9.85,4.1775,0.25,0.25,D01
DD,26A,-10.1,4.1775,-10.1,4.1775,0.25,0.25,D01
DD,26A,-10.35,4.1775,-10.35,4.1775,0.25,0.25,D01
DD,27A,-10.35,3.9275,-10.35,3.9275,0.25,0.25,D01
DD,27A,-10.1,3.9275,-10.1,3.9275,0.25,0.25,D01
DD,27A,-9.85,3.9275,-9.85,3.9275,0.25,0.25,D01
DD,27A,-9.6,3.9275,-9.6,3.9275,0.25,0.25,D01
DD,27B,-9.3,3.9275,-9.3,3.9275,0.25,0.25,D01
DD,27B,-9.05,3.9275,-9.05,3.9275,0.25,0.25,D01
DD,27B,-8.8,3.9275,-8.8,3.9275,0.25,0.25,D01
DD,27B,-8.55,3.9275,-8.55,3.9275,0.25,0.25,D01
DD,27C,-8.25,3.9275,-8.25,3.9275,0.25,0.25,D01
DD,27C,-8.0,3.9275,-8.0,3.9275,0.25,0.25,D01
DD,27C,-7.75,3.9275,-7.75,3.9275,0.25,0.25,D01
DD,27C,-7.5,3.9275,-7.5,3.9275,0.25,0.25,D01
DD,27D,-7.2,3.9275,-7.2,3.9275,0.25,0.25,D01
DD,27D,-6.95,3.9275,-6.95,3.9275,0.25,0.25,D01
DD,27D,-6.7,3.9275,-6.7,3.9275,0.25,0.25,D01
DD,27D,-6.45,3.9275,-6.45,3.9275,0.25,0.25,D01
DD,27E,-6.15,3.9275,-6.15,3.9275,0.25,0.25,D01
DD,27E,-5.9,3.9275,-5.9,3.9275,0.25,0.25,D01
DD,27E,-5.65,3.9275,-5.65,3.9275,0.25,0.25,D01
DD,27E,-5.4,3.9275,-5.4,3.9275,0.25,0.25,D01
DD,27F,-5.1,3.9275,-5.1,3.9275,0.25,0.25,D01
DD,27F,-4.85,3.9275,-4.85,3.9275,0.25,0.25,D01
DD,27F,-4.6,3.9275,-4.6,3.9275,0.25,0.25,D01
DD,27F,-4.35,3.9275,-4.35,3.9275,0.25,0.25,D01
DD,27G,-4.05,3.9275,-4.05,3.9275,0.25,0.25,D01
DD,27G,-3.8,3.9275,-3.8,3.9275,0.25,0.25,D01
DD,27G,-3.55,3.9275,-3.55,3.9275,0.25,0.25,D01
DD,27G,-3.3,3.9275,-3.3,3.9275,0.25,0.25,D01
DD,27H,-3.0,3.9275,-3.0,3.9275,0.25,0.25,D01
DD,27H,-2.75,3.9275,-2.75,3.9275,0.25,0.25,D01
DD,27H,-2.5,3.9275,-2.5,3.9275,0.25,0.25,D01
DD,27H,-2.25,3.9275,-2.25,3.9275,0.25,0.25,D01
DD,27I,-1.95,3.9275,-1.95,3.9275,0.25,0.25,D01
DD,27I,-1.7,3.9275,-1.7,3.9275,0.25,0.25,D01
DD,27I,-1.45,3.9275,-1.45,3.9275,0.25,0.25,D01
DD,27I,-1.2,3.9275,-1.2,3.9275,0.25,0.25,D01
DD,27J,-0.9,3.9275,-0.9,3.9275,0.25,0.25,D01
DD,27J,-0.65,3.9275,-0.65,3.9275,0.25,0.25,D01
DD,27J,-0.4,3.9275,-0.4,3.9275,0.25,0.25,D01
DD,27J,-0.15,3.9275,-0.15,3.9275,0.25,0.25,D01
DD,28J,-0.15,3.6775,-0.15,3.6775,0.25,0.25,D01
DD,28J,-0.4,3.6775,-0.4,3.6775,0.25,0.25,D01
DD,28J,-0.65,3.6775,-0.65,3.6775,0.25,0.25,D01
DD,28J,-0.9,3.6775,-0.9,3.6775,0.25,0.25,D01
DD,28I,-1.2,3.6775,-1.2,3.6775,0.25,0.25,D01
DD,28I,-1.45,3.6775,-1.45,3.6775,0.25,0.25,D01
DD,28I,-1.7,3.6775,-1.7,3.6775,0.25,0.25,D01
DD,28I,-1.95,3.6775,-1.95,3.6775,0.25,0.25,D01
DD,28H,-2.25,3.6775,-2.25,3.6775,0.25,0.25,D01
DD,28H,-2.5,3.6775,-2.5,3.6775,0.25,0.25,D01
DD,28H,-2.75,3.6775,-2.75,3.6775,0.25,0.25,D01
DD,28H,-3.0,3.6775,-3.0,3.6775,0.25,0.25,D01
DD,28G,-3.3,3.6775,-3.3,3.6775,0.25,0.25,D01
DD,28G,-3.55,3.6775,-3.55,3.6775,0.25,0.25,D01
DD,28G,-3.8,3.6775,-3.8,3.6775,0.25,0.25,D01
DD,28G,-4.05,3.6775,-4.05,3.6775,0.25,0.25,D01
DD,28F,-4.35,3.6775,-4.35,3.6775,0.25,0.25,D01
DD,28F,-4.6,3.6775,-4.6,3.6775,0.25,0.25,D01
DD,28F,-4.85,3.6775,-4.85,3.6775,0.25,0.25,D01
DD,28F,-5.1,3.6775,-5.1,3.6775,0.25,0.25,D01
DD,28E,-5.4,3.6775,-5.4,3.6775,0.25,0.25,D01
DD,28E,-5.65,3.6775,-5.65,3.6775,0.25,0.25,D01
DD,28E,-5.9,3.6775,-5.9,3.6775,0.25,0.25,D01
DD,28E,-6.15,3.6775,-6.15,3.6775,0.25,0.25,D01
DD,28D,-6.45,3.6775,-6.45,3.6775,0.25,0.25,D01
DD,28D,-6.7,3.6775,-6.7,3.6775,0.25,0.25,D01
DD,28D,-6.95,3.6775,-6.95,3.6775,0.25,0.25,D01
DD,28D,-7.2,3.6775,-7.2,3.6775,0.25,0.25,D01
DD,28C,-7.5,3.6775,-7.5,3.6775,0.25,0.25,D01
DD,28C,-7.75,3.6775,-7.75,3.6775,0.25,0.25,D01
DD,28C,-8.0,3.6775,-8.0,3.6775,0.25,0.25,D01
DD,28C,-8.25,3.6775,-8.25,3.6775,0.25,0.25,D01
DD,28B,-8.55,3.6775,-8.55,3.6775,0.25,0.25,D01
DD,28B,-8.8,3.6775,-8.8,3.6775,0.25,0.25,D01
DD,28B,-9.05,3.6775,-9.05,3.6775,0.25,0.25,D01
DD,28B,-9.3,3.6775,-9.3,3.6775,0.25,0.25,D01
DD,28A,-9.6,3.6775,-9.6,3.6775,0.25,0.25,D01
DD,28A,-9.85,3.6775,-9.85,3.6775,0.25,0.25,D01
DD,28A,-10.1,3.6775,-10.1,3.6775,0.25,0.25,D01
DD,28A,-10.35,3.6775,-10.35,3.6775,0.25,0.25,D01
DD,29A,-10.35,3.4275,-10.35,3.4275,0.25,0.25,D01
DD,29A,-10.1,3.4275,-10.1,3.4275,0.25,0.25,D01
DD,29A,-9.85,3.4275,-9.85,3.4275,0.25,0.25,D01
DD,29A,-9.6,3.4275,-9.6,3.4275,0.25,0.25,D01
DD,29B,-9.3,3.4275,-9.3,3.4275,0.25,0.25,D01
DD,29B,-9.05,3.4275,-9.05,3.4275,0.25,0.25,D01
DD,29B,-8.8,3.4275,-8.8,3.4275,0.25,0.25,D01
DD,29B,-8.55,3.4275,-8.55,3.4275,0.25,0.25,D01
DD,29C,-8.25,3.4275,-8.25,3.4275,0.25,0.25,D01
DD,29C,-8.0,3.4275,-8.0,3.4275,0.25,0.25,D01
DD,29C,-7.75,3.4275,-7.75,3.4275,0.25,0.25,D01
DD,29C,-7.5,3.4275,-7.5,3.4275,0.25,0.25,D01
DD,29D,-7.2,3.4275,-7.2,3.4275,0.25,0.25,D01
DD,29D,-6.95,3.4275,-6.95,3.4275,0.25,0.25,D01
DD,29D,-6.7,3.4275,-6.7,3.4275,0.25,0.25,D01
DD,29D,-6.45,3.4275,-6.45,3.4275,0.25,0.25,D01
DD,29E,-6.15,3.4275,-6.15,3.4275,0.25,0.25,TS-GroupD [D1 D2 D3 D4]
DD,29E,-5.9,3.4275,-5.9,3.4275,0.25,0.25,TS-GroupD [D1 D2 D3 D4]
DD,29E,-5.65,3.4275,-5.65,3.4275,0.25,0.25,TS-GroupD [D1 D2 D3 D4]
DD,29E,-5.4,3.4275,-5.4,3.4275,0.25,0.25,TS-GroupD [D1 D2 D3 D4]
DD,29F,-5.1,3.4275,-5.1,3.4275,0.25,0.25,TS-GroupD [D1 D2 D3 D4]
DD,29F,-4.85,3.4275,-4.85,3.4275,0.25,0.25,TS-GroupD [D1 D2 D3 D4]
DD,29F,-4.6,3.4275,-4.6,3.4275,0.25,0.25,TS-GroupD [D1 D2 D3 D4]
DD,29F,-4.35,3.4275,-4.35,3.4275,0.25,0.25,TS-GroupD [D1 D2 D3 D4]
DD,29G,-4.05,3.4275,-4.05,3.4275,0.25,0.25,TS-GroupR [R1 R2 R3 R4]
DD,29G,-3.8,3.4275,-3.8,3.4275,0.25,0.25,TS-GroupR [R1 R2 R3 R4]
DD,29G,-3.55,3.4275,-3.55,3.4275,0.25,0.25,TS-GroupR [R1 R2 R3 R4]
DD,29G,-3.3,3.4275,-3.3,3.4275,0.25,0.25,TS-GroupR [R1 R2 R3 R4]
DD,29H,-3.0,3.4275,-3.0,3.4275,0.25,0.25,TS-GroupR [R1 R2 R3 R4]
DD,29H,-2.75,3.4275,-2.75,3.4275,0.25,0.25,TS-GroupR [R1 R2 R3 R4]
DD,29H,-2.5,3.4275,-2.5,3.4275,0.25,0.25,TS-GroupR [R1 R2 R3 R4]
DD,29H,-2.25,3.4275,-2.25,3.4275,0.25,0.25,TS-GroupR [R1 R2 R3 R4]
DD,29I,-1.95,3.4275,-1.95,3.4275,0.25,0.25,TS-GroupM [M1 M2 M3 M4]
DD,29I,-1.7,3.4275,-1.7,3.4275,0.25,0.25,TS-GroupM [M1 M2 M3 M4]
DD,29I,-1.45,3.4275,-1.45,3.4275,0.25,0.25,TS-GroupM [M1 M2 M3 M4]
DD,29I,-1.2,3.4275,-1.2,3.4275,0.25,0.25,TS-GroupM [M1 M2 M3 M4]
DD,29J,-0.9,3.4275,-0.9,3.4275,0.25,0.25,TS-GroupM [M1 M2 M3 M4]
DD,29J,-0.65,3.4275,-0.65,3.4275,0.25,0.25,TS-GroupM [M1 M2 M3 M4]
DD,29J,-0.4,3.4275,-0.4,3.4275,0.25,0.25,TS-GroupM [M1 M2 M3 M4]
DD,29J,-0.15,3.4275,-0.15,3.4275,0.25,0.25,TS-GroupM [M1 M2 M3 M4]
DD,30J,-0.15,3.1775,-0.15,3.1775,0.25,0.25,TS-GroupM [M5 M6 M7 M8]
DD,30J,-0.4,3.1775,-0.4,3.1775,0.25,0.25,TS-GroupM [M5 M6 M7 M8]
DD,30J,-0.65,3.1775,-0.65,3.1775,0.25,0.25,TS-GroupM [M5 M6 M7 M8]
DD,30J,-0.9,3.1775,-0.9,3.1775,0.25,0.25,TS-GroupM [M5 M6 M7 M8]
DD,30I,-1.2,3.1775,-1.2,3.1775,0.25,0.25,TS-GroupM [M5 M6 M7 M8]
DD,30I,-1.45,3.1775,-1.45,3.1775,0.25,0.25,TS-GroupM [M5 M6 M7 M8]
DD,30I,-1.7,3.1775,-1.7,3.1775,0.25,0.25,TS-GroupM [M5 M6 M7 M8]
DD,30I,-1.95,3.1775,-1.95,3.1775,0.25,0.25,TS-GroupM [M5 M6 M7 M8]
DD,30H,-2.25,3.1775,-2.25,3.1775,0.25,0.25,TS-GroupR [R5 R6 R7 R8]
DD,30H,-2.5,3.1775,-2.5,3.1775,0.25,0.25,TS-GroupR [R5 R6 R7 R8]
DD,30H,-2.75,3.1775,-2.75,3.1775,0.25,0.25,TS-GroupR [R5 R6 R7 R8]
DD,30H,-3.0,3.1775,-3.0,3.1775,0.25,0.25,TS-GroupR [R5 R6 R7 R8]
DD,30G,-3.3,3.1775,-3.3,3.1775,0.25,0.25,TS-GroupR [R5 R6 R7 R8]
DD,30G,-3.55,3.1775,-3.55,3.1775,0.25,0.25,TS-GroupR [R5 R6 R7 R8]
DD,30G,-3.8,3.1775,-3.8,3.1775,0.25,0.25,TS-GroupR [R5 R6 R7 R8]
DD,30G,-4.05,3.1775,-4.05,3.1775,0.25,0.25,TS-GroupR [R5 R6 R7 R8]
DD,30F,-4.35,3.1775,-4.35,3.1775,0.25,0.25,TS-GroupD [D5 D6 D7 D8]
DD,30F,-4.6,3.1775,-4.6,3.1775,0.25,0.25,TS-GroupD [D5 D6 D7 D8]
DD,30F,-4.85,3.1775,-4.85,3.1775,0.25,0.25,TS-GroupD [D5 D6 D7 D8]
DD,30F,-5.1,3.1775,-5.1,3.1775,0.25,0.25,TS-GroupD [D5 D6 D7 D8]
DD,30E,-5.4,3.1775,-5.4,3.1775,0.25,0.25,TS-GroupD [D5 D6 D7 D8]
DD,30E,-5.65,3.1775,-5.65,3.1775,0.25,0.25,TS-GroupD [D5 D6 D7 D8]
DD,30E,-5.9,3.1775,-5.9,3.1775,0.25,0.25,TS-GroupD [D5 D6 D7 D8]
DD,30E,-6.15,3.1775,-6.15,3.1775,0.25,0.25,TS-GroupD [D5 D6 D7 D8]
DD,30D,-6.45,3.1775,-6.45,3.1775,0.25,0.25,D01
DD,30D,-6.7,3.1775,-6.7,3.1775,0.25,0.25,D01
DD,30D,-6.95,3.1775,-6.95,3.1775,0.25,0.25,D01
DD,30D,-7.2,3.1775,-7.2,3.1775,0.25,0.25,D01
DD,30C,-7.5,3.1775,-7.5,3.1775,0.25,0.25,D01
DD,30C,-7.75,3.1775,-7.75,3.1775,0.25,0.25,D01
DD,30C,-8.0,3.1775,-8.0,3.1775,0.25,0.25,D01
DD,30C,-8.25,3.1775,-8.25,3.1775,0.25,0.25,D01
DD,30B,-8.55,3.1775,-8.55,3.1775,0.25,0.25,D01
DD,30B,-8.8,3.1775,-8.8,3.1775,0.25,0.25,D01
DD,30B,-9.05,3.1775,-9.05,3.1775,0.25,0.25,D01
DD,30B,-9.3,3.1775,-9.3,3.1775,0.25,0.25,D01
DD,30A,-9.6,3.1775,-9.6,3.1775,0.25,0.25,D01
DD,30A,-9.85,3.1775,-9.85,3.1775,0.25,0.25,D01
DD,30A,-10.1,3.1775,-10.1,3.1775,0.25,0.25,D01
DD,30A,-10.35,3.1775,-10.35,3.1775,0.25,0.25,D01
DD,31A,-10.35,2.9275,-10.35,2.9275,0.25,0.25,D01
DD,31A,-10.1,2.9275,-10.1,2.9275,0.25,0.25,D01
DD,31A,-9.85,2.9275,-9.85,2.9275,0.25,0.25,D01
DD,31A,-9.6,2.9275,-9.6,2.9275,0.25,0.25,D01
DD,31B,-9.3,2.9275,-9.3,2.9275,0.25,0.25,D01
DD,31B,-9.05,2.9275,-9.05,2.9275,0.25,0.25,D01
DD,31B,-8.8,2.9275,-8.8,2.9275,0.25,0.25,D01
DD,31B,-8.55,2.9275,-8.55,2.9275,0.25,0.25,D01
DD,31C,-8.25,2.9275,-8.25,2.9275,0.25,0.25,D01
DD,31C,-8.0,2.9275,-8.0,2.9275,0.25,0.25,D01
DD,31C,-7.75,2.9275,-7.75,2.9275,0.25,0.25,D01
DD,31C,-7.5,2.9275,-7.5,2.9275,0.25,0.25,D01
DD,31D,-7.2,2.9275,-7.2,2.9275,0.25,0.25,D01
DD,31D,-6.95,2.9275,-6.95,2.9275,0.25,0.25,D01
DD,31D,-6.7,2.9275,-6.7,2.9275,0.25,0.25,D01
DD,31D,-6.45,2.9275,-6.45,2.9275,0.25,0.25,D01
DD,31E,-6.15,2.9275,-6.15,2.9275,0.25,0.25,D01
DD,31E,-5.9,2.9275,-5.9,2.9275,0.25,0.25,D01
DD,31E,-5.65,2.9275,-5.65,2.9275,0.25,0.25,D01
DD,31E,-5.4,2.9275,-5.4,2.9275,0.25,0.25,D01
DD,31F,-5.1,2.9275,-5.1,2.9275,0.25,0.25,D01
DD,31F,-4.85,2.9275,-4.85,2.9275,0.25,0.25,D01
DD,31F,-4.6,2.9275,-4.6,2.9275,0.25,0.25,D01
DD,31F,-4.35,2.9275,-4.35,2.9275,0.25,0.25,D01
DD,31G,-4.05,2.9275,-4.05,2.9275,0.25,0.25,D01
DD,31G,-3.8,2.9275,-3.8,2.9275,0.25,0.25,D01
DD,31G,-3.55,2.9275,-3.55,2.9275,0.25,0.25,D01
DD,31G,-3.3,2.9275,-3.3,2.9275,0.25,0.25,D01
DD,31H,-3.0,2.9275,-3.0,2.9275,0.25,0.25,D01
DD,31H,-2.75,2.9275,-2.75,2.9275,0.25,0.25,D01
DD,31H,-2.5,2.9275,-2.5,2.9275,0.25,0.25,D01
DD,31H,-2.25,2.9275,-2.25,2.9275,0.25,0.25,D01
DD,31I,-1.95,2.9275,-1.95,2.9275,0.25,0.25,D01
DD,31I,-1.7,2.9275,-1.7,2.9275,0.25,0.25,D01
DD,31I,-1.45,2.9275,-1.45,2.9275,0.25,0.25,D01
DD,31I,-1.2,2.9275,-1.2,2.9275,0.25,0.25,D01
DD,31J,-0.9,2.9275,-0.9,2.9275,0.25,0.25,D01
DD,31J,-0.65,2.9275,-0.65,2.9275,0.25,0.25,D01
DD,31J,-0.4,2.9275,-0.4,2.9275,0.25,0.25,D01
DD,31J,-0.15,2.9275,-0.15,2.9275,0.25,0.25,D01
DD,32J,-0.15,2.6775,-0.15,2.6775,0.25,0.25,D01
DD,32J,-0.4,2.6775,-0.4,2.6775,0.25,0.25,D01
DD,32J,-0.65,2.6775,-0.65,2.6775,0.25,0.25,D01
DD,32J,-0.9,2.6775,-0.9,2.6775,0.25,0.25,D01
DD,32I,-1.2,2.6775,-1.2,2.6775,0.25,0.25,D01
DD,32I,-1.45,2.6775,-1.45,2.6775,0.25,0.25,D01
DD,32I,-1.7,2.6775,-1.7,2.6775,0.25,0.25,D01
DD,32I,-1.95,2.6775,-1.95,2.6775,0.25,0.25,D01
DD,32H,-2.25,2.6775,-2.25,2.6775,0.25,0.25,D01
DD,32H,-2.5,2.6775,-2.5,2.6775,0.25,0.25,D01
DD,32H,-2.75,2.6775,-2.75,2.6775,0.25,0.25,D01
DD,32H,-3.0,2.6775,-3.0,2.6775,0.25,0.25,D01
DD,32G,-3.3,2.6775,-3.3,2.6775,0.25,0.25,D01
DD,32G,-3.55,2.6775,-3.55,2.6775,0.25,0.25,D01
DD,32G,-3.8,2.6775,-3.8,2.6775,0.25,0.25,D01
DD,32G,-4.05,2.6775,-4.05,2.6775,0.25,0.25,D01
DD,32F,-4.35,2.6775,-4.35,2.6775,0.25,0.25,D01
DD,32F,-4.6,2.6775,-4.6,2.6775,0.25,0.25,D01
DD,32F,-4.85,2.6775,-4.85,2.6775,0.25,0.25,D01
DD,32F,-5.1,2.6775,-5.1,2.6775,0.25,0.25,D01
DD,32E,-5.4,2.6775,-5.4,2.6775,0.25,0.25,D01
DD,32E,-5.65,2.6775,-5.65,2.6775,0.25,0.25,D01
DD,32E,-5.9,2.6775,-5.9,2.6775,0.25,0.25,D01
DD,32E,-6.15,2.6775,-6.15,2.6775,0.25,0.25,D01
DD,32D,-6.45,2.6775,-6.45,2.6775,0.25,0.25,D01
DD,32D,-6.7,2.6775,-6.7,2.6775,0.25,0.25,D01
DD,32D,-6.95,2.6775,-6.95,2.6775,0.25,0.25,D01
DD,32D,-7.2,2.6775,-7.2,2.6775,0.25,0.25,D01
DD,32C,-7.5,2.6775,-7.5,2.6775,0.25,0.25,D01
DD,32C,-7.75,2.6775,-7.75,2.6775,0.25,0.25,D01
DD,32C,-8.0,2.6775,-8.0,2.6775,0.25,0.25,D01
DD,32C,-8.25,2.6775,-8.25,2.6775,0.25,0.25,D01
DD,32B,-8.55,2.6775,-8.55,2.6775,0.25,0.25,D01
DD,32B,-8.8,2.6775,-8.8,2.6775,0.25,0.25,D01
DD,32B,-9.05,2.6775,-9.05,2.6775,0.25,0.25,D01
DD,32B,-9.3,2.6775,-9.3,2.6775,0.25,0.25,D01
DD,32A,-9.6,2.6775,-9.6,2.6775,0.25,0.25,D01
DD,32A,-9.85,2.6775,-9.85,2.6775,0.25,0.25,D01
DD,32A,-10.1,2.6775,-10.1,2.6775,0.25,0.25,D01
DD,32A,-10.35,2.6775,-10.35,2.6775,0.25,0.25,D01
DD,33A,-10.35,2.4275,-10.35,2.4275,0.25,0.25,D01
DD,33A,-10.1,2.4275,-10.1,2.4275,0.25,0.25,D01
DD,33A,-9.85,2.4275,-9.85,2.4275,0.25,0.25,D01
DD,33A,-9.6,2.4275,-9.6,2.4275,0.25,0.25,D01
DD,33B,-9.3,2.4275,-9.3,2.4275,0.25,0.25,D01
DD,33B,-9.05,2.4275,-9.05,2.4275,0.25,0.25,D01
DD,33B,-8.8,2.4275,-8.8,2.4275,0.25,0.25,D01
DD,33B,-8.55,2.4275,-8.55,2.4275,0.25,0.25,D01
DD,33C,-8.25,2.4275,-8.25,2.4275,0.25,0.25,D01
DD,33C,-8.0,2.4275,-8.0,2.4275,0.25,0.25,D01
DD,33C,-7.75,2.4275,-7.75,2.4275,0.25,0.25,D01
DD,33C,-7.5,2.4275,-7.5,2.4275,0.25,0.25,D01
DD,33D,-7.2,2.4275,-7.2,2.4275,0.25,0.25,D01
DD,33D,-6.95,2.4275,-6.95,2.4275,0.25,0.25,D01
DD,33D,-6.7,2.4275,-6.7,2.4275,0.25,0.25,D01
DD,33D,-6.45,2.4275,-6.45,2.4275,0.25,0.25,D01
DD,33E,-6.15,2.4275,-6.15,2.4275,0.25,0.25,D01
DD,33E,-5.9,2.4275,-5.9,2.4275,0.25,0.25,D01
DD,33E,-5.65,2.4275,-5.65,2.4275,0.25,0.25,D01
DD,33E,-5.4,2.4275,-5.4,2.4275,0.25,0.25,D01
DD,33F,-5.1,2.4275,-5.1,2.4275,0.25,0.25,D01
DD,33F,-4.85,2.4275,-4.85,2.4275,0.25,0.25,D01
DD,33F,-4.6,2.4275,-4.6,2.4275,0.25,0.25,D01
DD,33F,-4.35,2.4275,-4.35,2.4275,0.25,0.25,D01
DD,33G,-4.05,2.4275,-4.05,2.4275,0.25,0.25,D01
DD,33G,-3.8,2.4275,-3.8,2.4275,0.25,0.25,D01
DD,33G,-3.55,2.4275,-3.55,2.4275,0.25,0.25,D01
DD,33G,-3.3,2.4275,-3.3,2.4275,0.25,0.25,D01
DD,33H,-3.0,2.4275,-3.0,2.4275,0.25,0.25,D01
DD,33H,-2.75,2.4275,-2.75,2.4275,0.25,0.25,D01
DD,33H,-2.5,2.4275,-2.5,2.4275,0.25,0.25,D01
DD,33H,-2.25,2.4275,-2.25,2.4275,0.25,0.25,D01
DD,33I,-1.95,2.4275,-1.95,2.4275,0.25,0.25,D01
DD,33I,-1.7,2.4275,-1.7,2.4275,0.25,0.25,D01
DD,33I,-1.45,2.4275,-1.45,2.4275,0.25,0.25,D01
DD,33I,-1.2,2.4275,-1.2,2.4275,0.25,0.25,D01
DD,33J,-0.9,2.4275,-0.9,2.4275,0.25,0.25,D01
DD,33J,-0.65,2.4275,-0.65,2.4275,0.25,0.25,D01
DD,33J,-0.4,2.4275,-0.4,2.4275,0.25,0.25,D01
DD,33J,-0.15,2.4275,-0.15,2.4275,0.25,0.25,D01
DD,34J,-0.15,2.1775,-0.15,2.1775,0.25,0.25,D01
DD,34J,-0.4,2.1775,-0.4,2.1775,0.25,0.25,D01
DD,34J,-0.65,2.1775,-0.65,2.1775,0.25,0.25,D01
DD,34J,-0.9,2.1775,-0.9,2.1775,0.25,0.25,D01
DD,34I,-1.2,2.1775,-1.2,2.1775,0.25,0.25,D01
DD,34I,-1.45,2.1775,-1.45,2.1775,0.25,0.25,D01
DD,34I,-1.7,2.1775,-1.7,2.1775,0.25,0.25,D01
DD,34I,-1.95,2.1775,-1.95,2.1775,0.25,0.25,D01
DD,34H,-2.25,2.1775,-2.25,2.1775,0.25,0.25,D01
DD,34H,-2.5,2.1775,-2.5,2.1775,0.25,0.25,D01
DD,34H,-2.75,2.1775,-2.75,2.1775,0.25,0.25,D01
DD,34H,-3.0,2.1775,-3.0,2.1775,0.25,0.25,D01
DD,34G,-3.3,2.1775,-3.3,2.1775,0.25,0.25,D01
DD,34G,-3.55,2.1775,-3.55,2.1775,0.25,0.25,D01
DD,34G,-3.8,2.1775,-3.8,2.1775,0.25,0.25,D01
DD,34G,-4.05,2.1775,-4.05,2.1775,0.25,0.25,D01
DD,34F,-4.35,2.1775,-4.35,2.1775,0.25,0.25,D01
DD,34F,-4.6,2.1775,-4.6,2.1775,0.25,0.25,D01
DD,34F,-4.85,2.1775,-4.85,2.1775,0.25,0.25,D01
DD,34F,-5.1,2.1775,-5.1,2.1775,0.25,0.25,D01
DD,34E,-5.4,2.1775,-5.4,2.1775,0.25,0.25,D01
DD,34E,-5.65,2.1775,-5.65,2.1775,0.25,0.25,D01
DD,34E,-5.9,2.1775,-5.9,2.1775,0.25,0.25,D01
DD,34E,-6.15,2.1775,-6.15,2.1775,0.25,0.25,D01
DD,34D,-6.45,2.1775,-6.45,2.1775,0.25,0.25,D01
DD,34D,-6.7,2.1775,-6.7,2.1775,0.25,0.25,D01
DD,34D,-6.95,2.1775,-6.95,2.1775,0.25,0.25,D01
DD,34D,-7.2,2.1775,-7.2,2.1775,0.25,0.25,D01
DD,34C,-7.5,2.1775,-7.5,2.1775,0.25,0.25,D01
DD,34C,-7.75,2.1775,-7.75,2.1775,0.25,0.25,D01
DD,34C,-8.0,2.1775,-8.0,2.1775,0.25,0.25,D01
DD,34C,-8.25,2.1775,-8.25,2.1775,0.25,0.25,D01
DD,34B,-8.55,2.1775,-8.55,2.1775,0.25,0.25,D01
DD,34B,-8.8,2.1775,-8.8,2.1775,0.25,0.25,D01
DD,34B,-9.05,2.1775,-9.05,2.1775,0.25,0.25,D01
DD,34B,-9.3,2.1775,-9.3,2.1775,0.25,0.25,D01
DD,34A,-9.6,2.1775,-9.6,2.1775,0.25,0.25,D01
DD,34A,-9.85,2.1775,-9.85,2.1775,0.25,0.25,D01
DD,34A,-10.1,2.1775,-10.1,2.1775,0.25,0.25,D01
DD,34A,-10.35,2.1775,-10.35,2.1775,0.25,0.25,D01
DD,35A,-10.35,1.9275,-10.35,1.9275,0.25,0.25,D01
DD,35A,-10.1,1.9275,-10.1,1.9275,0.25,0.25,D01
DD,35A,-9.85,1.9275,-9.85,1.9275,0.25,0.25,D01
DD,35A,-9.6,1.9275,-9.6,1.9275,0.25,0.25,D01
DD,35B,-9.3,1.9275,-9.3,1.9275,0.25,0.25,D01
DD,35B,-9.05,1.9275,-9.05,1.9275,0.25,0.25,D01
DD,35B,-8.8,1.9275,-8.8,1.9275,0.25,0.25,D01
DD,35B,-8.55,1.9275,-8.55,1.9275,0.25,0.25,D01
DD,35C,-8.25,1.9275,-8.25,1.9275,0.25,0.25,D01
DD,35C,-8.0,1.9275,-8.0,1.9275,0.25,0.25,D01
DD,35C,-7.75,1.9275,-7.75,1.9275,0.25,0.25,D01
DD,35C,-7.5,1.9275,-7.5,1.9275,0.25,0.25,D01
DD,35D,-7.2,1.9275,-7.2,1.9275,0.25,0.25,D01
DD,35D,-6.95,1.9275,-6.95,1.9275,0.25,0.25,D01
DD,35D,-6.7,1.9275,-6.7,1.9275,0.25,0.25,D01
DD,35D,-6.45,1.9275,-6.45,1.9275,0.25,0.25,D01
DD,35E,-6.15,1.9275,-6.15,1.9275,0.25,0.25,D01
DD,35E,-5.9,1.9275,-5.9,1.9275,0.25,0.25,D01
DD,35E,-5.65,1.9275,-5.65,1.9275,0.25,0.25,D01
DD,35E,-5.4,1.9275,-5.4,1.9275,0.25,0.25,D01
DD,35F,-5.1,1.9275,-5.1,1.9275,0.25,0.25,D01
DD,35F,-4.85,1.9275,-4.85,1.9275,0.25,0.25,D01
DD,35F,-4.6,1.9275,-4.6,1.9275,0.25,0.25,D01
DD,35F,-4.35,1.9275,-4.35,1.9275,0.25,0.25,D01
DD,35G,-4.05,1.9275,-4.05,1.9275,0.25,0.25,D01
DD,35G,-3.8,1.9275,-3.8,1.9275,0.25,0.25,D01
DD,35G,-3.55,1.9275,-3.55,1.9275,0.25,0.25,D01
DD,35G,-3.3,1.9275,-3.3,1.9275,0.25,0.25,D01
DD,35H,-3.0,1.9275,-3.0,1.9275,0.25,0.25,D01
DD,35H,-2.75,1.9275,-2.75,1.9275,0.25,0.25,D01
DD,35H,-2.5,1.9275,-2.5,1.9275,0.25,0.25,D01
DD,35H,-2.25,1.9275,-2.25,1.9275,0.25,0.25,D01
DD,35I,-1.95,1.9275,-1.95,1.9275,0.25,0.25,D01
DD,35I,-1.7,1.9275,-1.7,1.9275,0.25,0.25,D01
DD,35I,-1.45,1.9275,-1.45,1.9275,0.25,0.25,D01
DD,35I,-1.2,1.9275,-1.2,1.9275,0.25,0.25,D01
DD,35J,-0.9,1.9275,-0.9,1.9275,0.25,0.25,D01
DD,35J,-0.65,1.9275,-0.65,1.9275,0.25,0.25,D01
DD,35J,-0.4,1.9275,-0.4,1.9275,0.25,0.25,D01
DD,35J,-0.15,1.9275,-0.15,1.9275,0.25,0.25,D01
DD,36J,-0.15,1.6775,-0.15,1.6775,0.25,0.25,D01
DD,36J,-0.4,1.6775,-0.4,1.6775,0.25,0.25,D01
DD,36J,-0.65,1.6775,-0.65,1.6775,0.25,0.25,D01
DD,36J,-0.9,1.6775,-0.9,1.6775,0.25,0.25,D01
DD,36I,-1.2,1.6775,-1.2,1.6775,0.25,0.25,D01
DD,36I,-1.45,1.6775,-1.45,1.6775,0.25,0.25,D01
DD,36I,-1.7,1.6775,-1.7,1.6775,0.25,0.25,D01
DD,36I,-1.95,1.6775,-1.95,1.6775,0.25,0.25,D01
DD,36H,-2.25,1.6775,-2.25,1.6775,0.25,0.25,D01
DD,36H,-2.5,1.6775,-2.5,1.6775,0.25,0.25,D01
DD,36H,-2.75,1.6775,-2.75,1.6775,0.25,0.25,D01
DD,36H,-3.0,1.6775,-3.0,1.6775,0.25,0.25,D01
DD,36G,-3.3,1.6775,-3.3,1.6775,0.25,0.25,D01
DD,36G,-3.55,1.6775,-3.55,1.6775,0.25,0.25,D01
DD,36G,-3.8,1.6775,-3.8,1.6775,0.25,0.25,D01
DD,36G,-4.05,1.6775,-4.05,1.6775,0.25,0.25,D01
DD,36F,-4.35,1.6775,-4.35,1.6775,0.25,0.25,D01
DD,36F,-4.6,1.6775,-4.6,1.6775,0.25,0.25,D01
DD,36F,-4.85,1.6775,-4.85,1.6775,0.25,0.25,D01
DD,36F,-5.1,1.6775,-5.1,1.6775,0.25,0.25,D01
DD,36E,-5.4,1.6775,-5.4,1.6775,0.25,0.25,D01
DD,36E,-5.65,1.6775,-5.65,1.6775,0.25,0.25,D01
DD,36E,-5.9,1.6775,-5.9,1.6775,0.25,0.25,D01
DD,36E,-6.15,1.6775,-6.15,1.6775,0.25,0.25,D01
DD,36D,-6.45,1.6775,-6.45,1.6775,0.25,0.25,D01
DD,36D,-6.7,1.6775,-6.7,1.6775,0.25,0.25,D01
DD,36D,-6.95,1.6775,-6.95,1.6775,0.25,0.25,D01
DD,36D,-7.2,1.6775,-7.2,1.6775,0.25,0.25,D01
DD,36C,-7.5,1.6775,-7.5,1.6775,0.25,0.25,D01
DD,36C,-7.75,1.6775,-7.75,1.6775,0.25,0.25,D01
DD,36C,-8.0,1.6775,-8.0,1.6775,0.25,0.25,D01
DD,36C,-8.25,1.6775,-8.25,1.6775,0.25,0.25,D01
DD,36B,-8.55,1.6775,-8.55,1.6775,0.25,0.25,D01
DD,36B,-8.8,1.6775,-8.8,1.6775,0.25,0.25,D01
DD,36B,-9.05,1.6775,-9.05,1.6775,0.25,0.25,D01
DD,36B,-9.3,1.6775,-9.3,1.6775,0.25,0.25,D01
DD,36A,-9.6,1.6775,-9.6,1.6775,0.25,0.25,D01
DD,36A,-9.85,1.6775,-9.85,1.6775,0.25,0.25,D01
DD,36A,-10.1,1.6775,-10.1,1.6775,0.25,0.25,D01
DD,36A,-10.35,1.6775,-10.35,1.6775,0.25,0.25,D01
DD,37A,-10.35,1.4275,-10.35,1.4275,0.25,0.25,D01
DD,37A,-10.1,1.4275,-10.1,1.4275,0.25,0.25,D01
DD,37A,-9.85,1.4275,-9.85,1.4275,0.25,0.25,D01
DD,37A,-9.6,1.4275,-9.6,1.4275,0.25,0.25,D01
DD,37B,-9.3,1.4275,-9.3,1.4275,0.25,0.25,D01
DD,37B,-9.05,1.4275,-9.05,1.4275,0.25,0.25,D01
DD,37B,-8.8,1.4275,-8.8,1.4275,0.25,0.25,D01
DD,37B,-8.55,1.4275,-8.55,1.4275,0.25,0.25,D01
DD,37C,-8.25,1.4275,-8.25,1.4275,0.25,0.25,D01
DD,37C,-8.0,1.4275,-8.0,1.4275,0.25,0.25,D01
DD,37C,-7.75,1.4275,-7.75,1.4275,0.25,0.25,D01
DD,37C,-7.5,1.4275,-7.5,1.4275,0.25,0.25,D01
DD,37D,-7.2,1.4275,-7.2,1.4275,0.25,0.25,D01
DD,37D,-6.95,1.4275,-6.95,1.4275,0.25,0.25,D01
DD,37D,-6.7,1.4275,-6.7,1.4275,0.25,0.25,D01
DD,37D,-6.45,1.4275,-6.45,1.4275,0.25,0.25,D01
DD,37E,-6.15,1.4275,-6.15,1.4275,0.25,0.25,D01
DD,37E,-5.9,1.4275,-5.9,1.4275,0.25,0.25,D01
DD,37E,-5.65,1.4275,-5.65,1.4275,0.25,0.25,D01
DD,37E,-5.4,1.4275,-5.4,1.4275,0.25,0.25,D01
DD,37F,-5.1,1.4275,-5.1,1.4275,0.25,0.25,D01
DD,37F,-4.85,1.4275,-4.85,1.4275,0.25,0.25,D01
DD,37F,-4.6,1.4275,-4.6,1.4275,0.25,0.25,D01
DD,37F,-4.35,1.4275,-4.35,1.4275,0.25,0.25,D01
DD,37G,-4.05,1.4275,-4.05,1.4275,0.25,0.25,D01
DD,37G,-3.8,1.4275,-3.8,1.4275,0.25,0.25,D01
DD,37G,-3.55,1.4275,-3.55,1.4275,0.25,0.25,D01
DD,37G,-3.3,1.4275,-3.3,1.4275,0.25,0.25,D01
DD,37H,-3.0,1.4275,-3.0,1.4275,0.25,0.25,D01
DD,37H,-2.75,1.4275,-2.75,1.4275,0.25,0.25,D01
DD,37H,-2.5,1.4275,-2.5,1.4275,0.25,0.25,D01
DD,37H,-2.25,1.4275,-2.25,1.4275,0.25,0.25,D01
DD,37I,-1.95,1.4275,-1.95,1.4275,0.25,0.25,D01
DD,37I,-1.7,1.4275,-1.7,1.4275,0.25,0.25,D01
DD,37I,-1.45,1.4275,-1.45,1.4275,0.25,0.25,D01
DD,37I,-1.2,1.4275,-1.2,1.4275,0.25,0.25,D01
DD,37J,-0.9,1.4275,-0.9,1.4275,0.25,0.25,D01
DD,37J,-0.65,1.4275,-0.65,1.4275,0.25,0.25,D01
DD,37J,-0.4,1.4275,-0.4,1.4275,0.25,0.25,D01
DD,37J,-0.15,1.4275,-0.15,1.4275,0.25,0.25,D01
DD,38J,-0.15,1.1775,-0.15,1.1775,0.25,0.25,D01
DD,38J,-0.4,1.1775,-0.4,1.1775,0.25,0.25,D01
DD,38J,-0.65,1.1775,-0.65,1.1775,0.25,0.25,D01
DD,38J,-0.9,1.1775,-0.9,1.1775,0.25,0.25,D01
DD,38I,-1.2,1.1775,-1.2,1.1775,0.25,0.25,D01
DD,38I,-1.45,1.1775,-1.45,1.1775,0.25,0.25,D01
DD,38I,-1.7,1.1775,-1.7,1.1775,0.25,0.25,D01
DD,38I,-1.95,1.1775,-1.95,1.1775,0.25,0.25,D01
DD,38H,-2.25,1.1775,-2.25,1.1775,0.25,0.25,D01
DD,38H,-2.5,1.1775,-2.5,1.1775,0.25,0.25,D01
DD,38H,-2.75,1.1775,-2.75,1.1775,0.25,0.25,D01
DD,38H,-3.0,1.1775,-3.0,1.1775,0.25,0.25,D01
DD,38G,-3.3,1.1775,-3.3,1.1775,0.25,0.25,D01
DD,38G,-3.55,1.1775,-3.55,1.1775,0.25,0.25,D01
DD,38G,-3.8,1.1775,-3.8,1.1775,0.25,0.25,D01
DD,38G,-4.05,1.1775,-4.05,1.1775,0.25,0.25,D01
DD,38F,-4.35,1.1775,-4.35,1.1775,0.25,0.25,D01
DD,38F,-4.6,1.1775,-4.6,1.1775,0.25,0.25,D01
DD,38F,-4.85,1.1775,-4.85,1.1775,0.25,0.25,D01
DD,38F,-5.1,1.1775,-5.1,1.1775,0.25,0.25,D01
DD,38E,-5.4,1.1775,-5.4,1.1775,0.25,0.25,D01
DD,38E,-5.65,1.1775,-5.65,1.1775,0.25,0.25,D01
DD,38E,-5.9,1.1775,-5.9,1.1775,0.25,0.25,D01
DD,38E,-6.15,1.1775,-6.15,1.1775,0.25,0.25,D01
DD,38D,-6.45,1.1775,-6.45,1.1775,0.25,0.25,D01
DD,38D,-6.7,1.1775,-6.7,1.1775,0.25,0.25,D01
DD,38D,-6.95,1.1775,-6.95,1.1775,0.25,0.25,D01
DD,38D,-7.2,1.1775,-7.2,1.1775,0.25,0.25,D01
DD,38C,-7.5,1.1775,-7.5,1.1775,0.25,0.25,D01
DD,38C,-7.75,1.1775,-7.75,1.1775,0.25,0.25,D01
DD,38C,-8.0,1.1775,-8.0,1.1775,0.25,0.25,D01
DD,38C,-8.25,1.1775,-8.25,1.1775,0.25,0.25,D01
DD,38B,-8.55,1.1775,-8.55,1.1775,0.25,0.25,D01
DD,38B,-8.8,1.1775,-8.8,1.1775,0.25,0.25,D01
DD,38B,-9.05,1.1775,-9.05,1.1775,0.25,0.25,D01
DD,38B,-9.3,1.1775,-9.3,1.1775,0.25,0.25,D01
DD,38A,-9.6,1.1775,-9.6,1.1775,0.25,0.25,D01
DD,38A,-9.85,1.1775,-9.85,1.1775,0.25,0.25,D01
DD,38A,-10.1,1.1775,-10.1,1.1775,0.25,0.25,D01
DD,38A,-10.35,1.1775,-10.35,1.1775,0.25,0.25,D01
DD,39A,-10.35,0.9275,-10.35,0.9275,0.25,0.25,D01
DD,39A,-10.1,0.9275,-10.1,0.9275,0.25,0.25,D01
DD,39A,-9.85,0.9275,-9.85,0.9275,0.25,0.25,D01
DD,39A,-9.6,0.9275,-9.6,0.9275,0.25,0.25,D01
DD,39B,-9.3,0.9275,-9.3,0.9275,0.25,0.25,D01
DD,39B,-9.05,0.9275,-9.05,0.9275,0.25,0.25,D01
DD,39B,-8.8,0.9275,-8.8,0.9275,0.25,0.25,D01
DD,39B,-8.55,0.9275,-8.55,0.9275,0.25,0.25,D01
DD,39C,-8.25,0.9275,-8.25,0.9275,0.25,0.25,D01
DD,39C,-8.0,0.9275,-8.0,0.9275,0.25,0.25,D01
DD,39C,-7.75,0.9275,-7.75,0.9275,0.25,0.25,D01
DD,39C,-7.5,0.9275,-7.5,0.9275,0.25,0.25,D01
DD,39D,-7.2,0.9275,-7.2,0.9275,0.25,0.25,D01
DD,39D,-6.95,0.9275,-6.95,0.9275,0.25,0.25,D01
DD,39D,-6.7,0.9275,-6.7,0.9275,0.25,0.25,D01
DD,39D,-6.45,0.9275,-6.45,0.9275,0.25,0.25,D01
DD,39E,-6.15,0.9275,-6.15,0.9275,0.25,0.25,D01
DD,39E,-5.9,0.9275,-5.9,0.9275,0.25,0.25,D01
DD,39E,-5.65,0.9275,-5.65,0.9275,0.25,0.25,D01
DD,39E,-5.4,0.9275,-5.4,0.9275,0.25,0.25,D01
DD,39F,-5.1,0.9275,-5.1,0.9275,0.25,0.25,D01
DD,39F,-4.85,0.9275,-4.85,0.9275,0.25,0.25,D01
DD,39F,-4.6,0.9275,-4.6,0.9275,0.25,0.25,D01
DD,39F,-4.35,0.9275,-4.35,0.9275,0.25,0.25,D01
DD,39G,-4.05,0.9275,-4.05,0.9275,0.25,0.25,D01
DD,39G,-3.8,0.9275,-3.8,0.9275,0.25,0.25,D01
DD,39G,-3.55,0.9275,-3.55,0.9275,0.25,0.25,D01
DD,39G,-3.3,0.9275,-3.3,0.9275,0.25,0.25,D01
DD,39H,-3.0,0.9275,-3.0,0.9275,0.25,0.25,D01
DD,39H,-2.75,0.9275,-2.75,0.9275,0.25,0.25,D01
DD,39H,-2.5,0.9275,-2.5,0.9275,0.25,0.25,D01
DD,39H,-2.25,0.9275,-2.25,0.9275,0.25,0.25,D01
DD,39I,-1.95,0.9275,-1.95,0.9275,0.25,0.25,D01
DD,39I,-1.7,0.9275,-1.7,0.9275,0.25,0.25,D01
DD,39I,-1.45,0.9275,-1.45,0.9275,0.25,0.25,D01
DD,39I,-1.2,0.9275,-1.2,0.9275,0.25,0.25,D01
DD,39J,-0.9,0.9275,-0.9,0.9275,0.25,0.25,D01
DD,39J,-0.65,0.9275,-0.65,0.9275,0.25,0.25,D01
DD,39J,-0.4,0.9275,-0.4,0.9275,0.25,0.25,D01
DD,39J,-0.15,0.9275,-0.15,0.9275,0.25,0.25,D01
DD,40J,-0.15,0.6775,-0.15,0.6775,0.25,0.25,D01
DD,40J,-0.4,0.6775,-0.4,0.6775,0.25,0.25,D01
DD,40J,-0.65,0.6775,-0.65,0.6775,0.25,0.25,D01
DD,40J,-0.9,0.6775,-0.9,0.6775,0.25,0.25,D01
DD,40I,-1.2,0.6775,-1.2,0.6775,0.25,0.25,D01
DD,40I,-1.45,0.6775,-1.45,0.6775,0.25,0.25,D01
DD,40I,-1.7,0.6775,-1.7,0.6775,0.25,0.25,D01
DD,40I,-1.95,0.6775,-1.95,0.6775,0.25,0.25,D01
DD,40H,-2.25,0.6775,-2.25,0.6775,0.25,0.25,D01
DD,40H,-2.5,0.6775,-2.5,0.6775,0.25,0.25,D01
DD,40H,-2.75,0.6775,-2.75,0.6775,0.25,0.25,D01
DD,40H,-3.0,0.6775,-3.0,0.6775,0.25,0.25,D01
DD,40G,-3.3,0.6775,-3.3,0.6775,0.25,0.25,D01
DD,40G,-3.55,0.6775,-3.55,0.6775,0.25,0.25,D01
DD,40G,-3.8,0.6775,-3.8,0.6775,0.25,0.25,D01
DD,40G,-4.05,0.6775,-4.05,0.6775,0.25,0.25,D01
DD,40F,-4.35,0.6775,-4.35,0.6775,0.25,0.25,D01
DD,40F,-4.6,0.6775,-4.6,0.6775,0.25,0.25,D01
DD,40F,-4.85,0.6775,-4.85,0.6775,0.25,0.25,D01
DD,40F,-5.1,0.6775,-5.1,0.6775,0.25,0.25,D01
DD,40E,-5.4,0.6775,-5.4,0.6775,0.25,0.25,D01
DD,40E,-5.65,0.6775,-5.65,0.6775,0.25,0.25,D01
DD,40E,-5.9,0.6775,-5.9,0.6775,0.25,0.25,D01
DD,40E,-6.15,0.6775,-6.15,0.6775,0.25,0.25,D01
DD,40D,-6.45,0.6775,-6.45,0.6775,0.25,0.25,D01
DD,40D,-6.7,0.6775,-6.7,0.6775,0.25,0.25,D01
DD,40D,-6.95,0.6775,-6.95,0.6775,0.25,0.25,D01
DD,40D,-7.2,0.6775,-7.2,0.6775,0.25,0.25,D01
DD,40C,-7.5,0.6775,-7.5,0.6775,0.25,0.25,D01
DD,40C,-7.75,0.6775,-7.75,0.6775,0.25,0.25,D01
DD,40C,-8.0,0.6775,-8.0,0.6775,0.25,0.25,D01
DD,40C,-8.25,0.6775,-8.25,0.6775,0.25,0.25,D01
DD,40B,-8.55,0.6775,-8.55,0.6775,0.25,0.25,D01
DD,40B,-8.8,0.6775,-8.8,0.6775,0.25,0.25,D01
DD,40B,-9.05,0.6775,-9.05,0.6775,0.25,0.25,D01
DD,40B,-9.3,0.6775,-9.3,0.6775,0.25,0.25,D01
DD,40A,-9.6,0.6775,-9.6,0.6775,0.25,0.25,D01
DD,40A,-9.85,0.6775,-9.85,0.6775,0.25,0.25,D01
DD,40A,-10.1,0.6775,-10.1,0.6775,0.25,0.25,D01
DD,40A,-10.35,0.6775,-10.35,0.6775,0.25,0.25,D01
DD,41A,-10.35,0.4275,-10.35,0.4275,0.25,0.25,D01
DD,41A,-10.1,0.4275,-10.1,0.4275,0.25,0.25,D01
DD,41A,-9.85,0.4275,-9.85,0.4275,0.25,0.25,D01
DD,41A,-9.6,0.4275,-9.6,0.4275,0.25,0.25,D01
DD,41B,-9.3,0.4275,-9.3,0.4275,0.25,0.25,D01
DD,41B,-9.05,0.4275,-9.05,0.4275,0.25,0.25,D01
DD,41B,-8.8,0.4275,-8.8,0.4275,0.25,0.25,D01
DD,41B,-8.55,0.4275,-8.55,0.4275,0.25,0.25,D01
DD,41C,-8.25,0.4275,-8.25,0.4275,0.25,0.25,D01
DD,41C,-8.0,0.4275,-8.0,0.4275,0.25,0.25,D01
DD,41C,-7.75,0.4275,-7.75,0.4275,0.25,0.25,D01
DD,41C,-7.5,0.4275,-7.5,0.4275,0.25,0.25,D01
DD,41D,-7.2,0.4275,-7.2,0.4275,0.25,0.25,D01
DD,41D,-6.95,0.4275,-6.95,0.4275,0.25,0.25,D01
DD,41D,-6.7,0.4275,-6.7,0.4275,0.25,0.25,D01
DD,41D,-6.45,0.4275,-6.45,0.4275,0.25,0.25,D01
DD,41E,-6.15,0.4275,-6.15,0.4275,0.25,0.25,TS-GroupD [D1 D2 D3 D4]
DD,41E,-5.9,0.4275,-5.9,0.4275,0.25,0.25,TS-GroupD [D1 D2 D3 D4]
DD,41E,-5.65,0.4275,-5.65,0.4275,0.25,0.25,TS-GroupD [D1 D2 D3 D4]
DD,41E,-5.4,0.4275,-5.4,0.4275,0.25,0.25,TS-GroupD [D1 D2 D3 D4]
DD,41F,-5.1,0.4275,-5.1,0.4275,0.25,0.25,TS-GroupD [D1 D2 D3 D4]
DD,41F,-4.85,0.4275,-4.85,0.4275,0.25,0.25,TS-GroupD [D1 D2 D3 D4]
DD,41F,-4.6,0.4275,-4.6,0.4275,0.25,0.25,TS-GroupD [D1 D2 D3 D4]
DD,41F,-4.35,0.4275,-4.35,0.4275,0.25,0.25,TS-GroupD [D1 D2 D3 D4]
DD,41G,-4.05,0.4275,-4.05,0.4275,0.25,0.25,TS-GroupR [R1 R2 R3 R4]
DD,41G,-3.8,0.4275,-3.8,0.4275,0.25,0.25,TS-GroupR [R1 R2 R3 R4]
DD,41G,-3.55,0.4275,-3.55,0.4275,0.25,0.25,TS-GroupR [R1 R2 R3 R4]
DD,41G,-3.3,0.4275,-3.3,0.4275,0.25,0.25,TS-GroupR [R1 R2 R3 R4]
DD,41H,-3.0,0.4275,-3.0,0.4275,0.25,0.25,TS-GroupR [R1 R2 R3 R4]
DD,41H,-2.75,0.4275,-2.75,0.4275,0.25,0.25,TS-GroupR [R1 R2 R3 R4]
DD,41H,-2.5,0.4275,-2.5,0.4275,0.25,0.25,TS-GroupR [R1 R2 R3 R4]
DD,41H,-2.25,0.4275,-2.25,0.4275,0.25,0.25,TS-GroupR [R1 R2 R3 R4]
DD,41I,-1.95,0.4275,-1.95,0.4275,0.25,0.25,TS-GroupM [M1 M2 M3 M4]
DD,41I,-1.7,0.4275,-1.7,0.4275,0.25,0.25,TS-GroupM [M1 M2 M3 M4]
DD,41I,-1.45,0.4275,-1.45,0.4275,0.25,0.25,TS-GroupM [M1 M2 M3 M4]
DD,41I,-1.2,0.4275,-1.2,0.4275,0.25,0.25,TS-GroupM [M1 M2 M3 M4]
DD,41J,-0.9,0.4275,-0.9,0.4275,0.25,0.25,TS-GroupM [M1 M2 M3 M4]
DD,41J,-0.65,0.4275,-0.65,0.4275,0.25,0.25,TS-GroupM [M1 M2 M3 M4]
DD,41J,-0.4,0.4275,-0.4,0.4275,0.25,0.25,TS-GroupM [M1 M2 M3 M4]
DD,41J,-0.15,0.4275,-0.15,0.4275,0.25,0.25,TS-GroupM [M1 M2 M3 M4]
DD,42J,-0.15,0.1775,-0.15,0.1775,0.25,0.25,TS-GroupM [M5 M6 M7 M8]
DD,42J,-0.4,0.1775,-0.4,0.1775,0.25,0.25,TS-GroupM [M5 M6 M7 M8]
DD,42J,-0.65,0.1775,-0.65,0.1775,0.25,0.25,TS-GroupM [M5 M6 M7 M8]
DD,42J,-0.9,0.1775,-0.9,0.1775,0.25,0.25,TS-GroupM [M5 M6 M7 M8]
DD,42I,-1.2,0.1775,-1.2,0.1775,0.25,0.25,TS-GroupM [M5 M6 M7 M8]
DD,42I,-1.45,0.1775,-1.45,0.1775,0.25,0.25,TS-GroupM [M5 M6 M7 M8]
DD,42I,-1.7,0.1775,-1.7,0.1775,0.25,0.25,TS-GroupM [M5 M6 M7 M8]
DD,42I,-1.95,0.1775,-1.95,0.1775,0.25,0.25,TS-GroupM [M5 M6 M7 M8]
DD,42H,-2.25,0.1775,-2.25,0.1775,0.25,0.25,TS-GroupR [R5 R6 R7 R8]
DD,42H,-2.5,0.1775,-2.5,0.1775,0.25,0.25,TS-GroupR [R5 R6 R7 R8]
DD,42H,-2.75,0.1775,-2.75,0.1775,0.25,0.25,TS-GroupR [R5 R6 R7 R8]
DD,42H,-3.0,0.1775,-3.0,0.1775,0.25,0.25,TS-GroupR [R5 R6 R7 R8]
DD,42G,-3.3,0.1775,-3.3,0.1775,0.25,0.25,TS-GroupR [R5 R6 R7 R8]
DD,42G,-3.55,0.1775,-3.55,0.1775,0.25,0.25,TS-GroupR [R5 R6 R7 R8]
DD,42G,-3.8,0.1775,-3.8,0.1775,0.25,0.25,TS-GroupR [R5 R6 R7 R8]
DD,42G,-4.05,0.1775,-4.05,0.1775,0.25,0.25,TS-GroupR [R5 R6 R7 R8]
DD,42F,-4.35,0.1775,-4.35,0.1775,0.25,0.25,TS-GroupD [D5 D6 D7 D8]
DD,42F,-4.6,0.1775,-4.6,0.1775,0.25,0.25,TS-GroupD [D5 D6 D7 D8]
DD,42F,-4.85,0.1775,-4.85,0.1775,0.25,0.25,TS-GroupD [D5 D6 D7 D8]
DD,42F,-5.1,0.1775,-5.1,0.1775,0.25,0.25,TS-GroupD [D5 D6 D7 D8]
DD,42E,-5.4,0.1775,-5.4,0.1775,0.25,0.25,TS-GroupD [D5 D6 D7 D8]
DD,42E,-5.65,0.1775,-5.65,0.1775,0.25,0.25,TS-GroupD [D5 D6 D7 D8]
DD,42E,-5.9,0.1775,-5.9,0.1775,0.25,0.25,TS-GroupD [D5 D6 D7 D8]
DD,42E,-6.15,0.1775,-6.15,0.1775,0.25,0.25,TS-GroupD [D5 D6 D7 D8]
DD,42D,-6.45,0.1775,-6.45,0.1775,0.25,0.25,D01
DD,42D,-6.7,0.1775,-6.7,0.1775,0.25,0.25,D01
DD,42D,-6.95,0.1775,-6.95,0.1775,0.25,0.25,D01
DD,42D,-7.2,0.1775,-7.2,0.1775,0.25,0.25,D01
DD,42C,-7.5,0.1775,-7.5,0.1775,0.25,0.25,D01
DD,42C,-7.75,0.1775,-7.75,0.1775,0.25,0.25,D01
DD,42C,-8.0,0.1775,-8.0,0.1775,0.25,0.25,D01
DD,42C,-8.25,0.1775,-8.25,0.1775,0.25,0.25,D01
DD,42B,-8.55,0.1775,-8.55,0.1775,0.25,0.25,D01
DD,42B,-8.8,0.1775,-8.8,0.1775,0.25,0.25,D01
DD,42B,-9.05,0.1775,-9.05,0.1775,0.25,0.25,D01
DD,42B,-9.3,0.1775,-9.3,0.1775,0.25,0.25,D01
DD,42A,-9.6,0.1775,-9.6,0.1775,0.25,0.25,D01
DD,42A,-9.85,0.1775,-9.85,0.1775,0.25,0.25,D01
DD,42A,-10.1,0.1775,-10.1,0.1775,0.25,0.25,D01
DD,42A,-10.35,0.1775,-10.35,0.1775,0.25,0.25,D01
